MagnetometerDeviceID,SampleDateTime,GeoBfieldMeasureNorth,GeoBfieldMeasureEast,GeoBfieldMeasureVertical
50100,5/27/2017 3:00:00 PM,23895.00,-396.20,40972.90
50100,5/27/2017 3:01:00 PM,23895.00,-396.60,40972.90
50100,5/27/2017 3:02:00 PM,23895.30,-397.00,40972.80
50100,5/27/2017 3:03:00 PM,23895.90,-397.10,40972.80
50100,5/27/2017 3:04:00 PM,23896.10,-397.20,40972.90
50100,5/27/2017 3:05:00 PM,23896.40,-397.70,40973.00
50100,5/27/2017 3:06:00 PM,23896.60,-397.80,40973.00
50100,5/27/2017 3:07:00 PM,23896.90,-398.30,40973.10
50100,5/27/2017 3:08:00 PM,23896.90,-398.50,40973.20
50100,5/27/2017 3:09:00 PM,23896.60,-398.80,40973.20
50100,5/27/2017 3:10:00 PM,23896.80,-399.00,40973.20
50100,5/27/2017 3:11:00 PM,23897.10,-399.20,40973.20
50100,5/27/2017 3:12:00 PM,23897.50,-399.30,40973.30
50100,5/27/2017 3:13:00 PM,23897.60,-399.50,40973.40
50100,5/27/2017 3:14:00 PM,23897.60,-399.70,40973.40
50100,5/27/2017 3:15:00 PM,23897.20,-399.60,40973.30
50100,5/27/2017 3:16:00 PM,23896.70,-399.80,40973.30
50100,5/27/2017 3:17:00 PM,23896.90,-400.20,40973.20
50100,5/27/2017 3:18:00 PM,23897.50,-400.20,40973.10
50100,5/27/2017 3:19:00 PM,23897.70,-400.00,40973.10
50100,5/27/2017 3:20:00 PM,23897.50,-399.90,40973.10
50100,5/27/2017 3:21:00 PM,23897.40,-400.30,40973.00
50100,5/27/2017 3:22:00 PM,23897.50,-400.70,40972.90
50100,5/27/2017 3:23:00 PM,23897.20,-400.90,40972.80
50100,5/27/2017 3:24:00 PM,23896.70,-401.40,40972.60
50100,5/27/2017 3:25:00 PM,23896.60,-401.80,40972.40
50100,5/27/2017 3:26:00 PM,23896.90,-402.70,40972.10
50100,5/27/2017 3:27:00 PM,23897.40,-403.50,40972.00
50100,5/27/2017 3:28:00 PM,23897.60,-404.00,40971.80
50100,5/27/2017 3:29:00 PM,23897.70,-404.30,40971.60
50100,5/27/2017 3:30:00 PM,23898.30,-404.70,40971.50
50100,5/27/2017 3:31:00 PM,23899.10,-404.80,40971.40
50100,5/27/2017 3:32:00 PM,23899.50,-404.50,40971.40
50100,5/27/2017 3:33:00 PM,23900.00,-404.40,40971.50
50100,5/27/2017 3:34:00 PM,23900.30,-404.00,40971.70
50100,5/27/2017 3:35:00 PM,23903.30,-406.10,40971.90
50100,5/27/2017 3:36:00 PM,23904.40,-404.10,40972.10
50100,5/27/2017 3:37:00 PM,23903.10,-397.30,40972.50
50100,5/27/2017 3:38:00 PM,23903.50,-395.50,40973.20
50100,5/27/2017 3:39:00 PM,23907.50,-397.40,40974.00
50100,5/27/2017 3:40:00 PM,23911.10,-397.80,40974.70
50100,5/27/2017 3:41:00 PM,23912.40,-396.40,40975.30
50100,5/27/2017 3:42:00 PM,23912.60,-396.20,40975.70
50100,5/27/2017 3:43:00 PM,23913.20,-395.90,40976.10
50100,5/27/2017 3:44:00 PM,23913.70,-396.10,40976.30
50100,5/27/2017 3:45:00 PM,23914.70,-397.60,40976.50
50100,5/27/2017 3:46:00 PM,23916.40,-399.60,40976.60
50100,5/27/2017 3:47:00 PM,23917.20,-400.10,40976.50
50100,5/27/2017 3:48:00 PM,23917.60,-400.90,40976.40
50100,5/27/2017 3:49:00 PM,23918.10,-401.70,40976.30
50100,5/27/2017 3:50:00 PM,23917.70,-401.30,40976.10
50100,5/27/2017 3:51:00 PM,23918.30,-402.30,40976.00
50100,5/27/2017 3:52:00 PM,23919.80,-402.70,40975.90
50100,5/27/2017 3:53:00 PM,23920.40,-402.80,40975.80
50100,5/27/2017 3:54:00 PM,23921.70,-404.10,40975.80
50100,5/27/2017 3:55:00 PM,23920.90,-404.20,40975.50
50100,5/27/2017 3:56:00 PM,23920.70,-405.20,40975.20
50100,5/27/2017 3:57:00 PM,23920.60,-406.40,40974.80
50100,5/27/2017 3:58:00 PM,23921.00,-406.80,40974.40
50100,5/27/2017 3:59:00 PM,23920.50,-406.00,40974.10
50100,5/27/2017 4:00:00 PM,23920.20,-406.50,40973.70
50100,5/27/2017 4:01:00 PM,23919.90,-406.30,40973.30
50100,5/27/2017 4:02:00 PM,23918.40,-405.30,40972.90
50100,5/27/2017 4:03:00 PM,23917.40,-405.60,40972.40
50100,5/27/2017 4:04:00 PM,23917.60,-407.20,40971.90
50100,5/27/2017 4:05:00 PM,23918.30,-408.30,40971.40
50100,5/27/2017 4:06:00 PM,23918.40,-408.90,40970.90
50100,5/27/2017 4:07:00 PM,23918.20,-409.90,40970.30
50100,5/27/2017 4:08:00 PM,23918.70,-411.10,40969.80
50100,5/27/2017 4:09:00 PM,23918.50,-411.40,40969.20
50100,5/27/2017 4:10:00 PM,23918.40,-411.90,40968.80
50100,5/27/2017 4:11:00 PM,23918.50,-412.80,40968.30
50100,5/27/2017 4:12:00 PM,23918.30,-413.40,40967.80
50100,5/27/2017 4:13:00 PM,23918.30,-414.10,40967.40
50100,5/27/2017 4:14:00 PM,23917.80,-415.10,40966.90
50100,5/27/2017 4:15:00 PM,23917.60,-415.80,40966.30
50100,5/27/2017 4:16:00 PM,23918.00,-416.00,40965.90
50100,5/27/2017 4:17:00 PM,23918.30,-416.20,40965.60
50100,5/27/2017 4:18:00 PM,23918.30,-417.30,40965.30
50100,5/27/2017 4:19:00 PM,23918.90,-418.20,40965.00
50100,5/27/2017 4:20:00 PM,23918.30,-417.80,40964.70
50100,5/27/2017 4:21:00 PM,23917.90,-418.40,40964.40
50100,5/27/2017 4:22:00 PM,23918.40,-419.20,40964.10
50100,5/27/2017 4:23:00 PM,23918.60,-419.90,40963.90
50100,5/27/2017 4:24:00 PM,23918.30,-420.50,40963.60
50100,5/27/2017 4:25:00 PM,23918.10,-420.90,40963.30
50100,5/27/2017 4:26:00 PM,23917.80,-421.40,40963.00
50100,5/27/2017 4:27:00 PM,23918.30,-422.30,40962.80
50100,5/27/2017 4:28:00 PM,23918.70,-423.40,40962.60
50100,5/27/2017 4:29:00 PM,23919.70,-423.70,40962.50
50100,5/27/2017 4:30:00 PM,23920.10,-424.40,40962.50
50100,5/27/2017 4:31:00 PM,23919.90,-424.60,40962.50
50100,5/27/2017 4:32:00 PM,23920.40,-425.40,40962.50
50100,5/27/2017 4:33:00 PM,23921.30,-425.90,40962.50
50100,5/27/2017 4:34:00 PM,23921.90,-426.50,40962.70
50100,5/27/2017 4:35:00 PM,23922.50,-427.20,40962.80
50100,5/27/2017 4:36:00 PM,23923.00,-428.00,40962.90
50100,5/27/2017 4:37:00 PM,23923.70,-428.30,40963.10
50100,5/27/2017 4:38:00 PM,23923.80,-428.80,40963.20
50100,5/27/2017 4:39:00 PM,23924.00,-428.70,40963.40
50100,5/27/2017 4:40:00 PM,23924.60,-428.90,40963.60
50100,5/27/2017 4:41:00 PM,23925.60,-429.80,40963.80
50100,5/27/2017 4:42:00 PM,23926.40,-430.80,40964.10
50100,5/27/2017 4:43:00 PM,23926.90,-431.60,40964.20
50100,5/27/2017 4:44:00 PM,23927.00,-431.60,40964.40
50100,5/27/2017 4:45:00 PM,23926.90,-432.00,40964.50
50100,5/27/2017 4:46:00 PM,23927.90,-433.40,40964.60
50100,5/27/2017 4:47:00 PM,23929.30,-434.10,40964.80
50100,5/27/2017 4:48:00 PM,23928.80,-434.40,40964.90
50100,5/27/2017 4:49:00 PM,23927.60,-435.10,40964.90
50100,5/27/2017 4:50:00 PM,23927.10,-435.70,40964.80
50100,5/27/2017 4:51:00 PM,23927.50,-436.80,40964.80
50100,5/27/2017 4:52:00 PM,23927.50,-437.30,40964.70
50100,5/27/2017 4:53:00 PM,23926.90,-437.30,40964.70
50100,5/27/2017 4:54:00 PM,23926.50,-437.70,40964.60
50100,5/27/2017 4:55:00 PM,23926.50,-438.60,40964.50
50100,5/27/2017 4:56:00 PM,23926.60,-439.30,40964.40
50100,5/27/2017 4:57:00 PM,23926.60,-440.00,40964.30
50100,5/27/2017 4:58:00 PM,23926.10,-440.30,40964.10
50100,5/27/2017 4:59:00 PM,23925.20,-440.30,40964.00
50100,5/27/2017 5:00:00 PM,23923.80,-440.50,40963.70
50100,5/27/2017 5:01:00 PM,23923.00,-440.90,40963.50
50100,5/27/2017 5:02:00 PM,23922.20,-441.50,40963.20
50100,5/27/2017 5:03:00 PM,23922.20,-442.30,40963.00
50100,5/27/2017 5:04:00 PM,23922.70,-442.70,40962.80
50100,5/27/2017 5:05:00 PM,23923.50,-443.00,40962.70
50100,5/27/2017 5:06:00 PM,23924.30,-443.00,40962.70
50100,5/27/2017 5:07:00 PM,23924.60,-443.30,40962.80
50100,5/27/2017 5:08:00 PM,23925.50,-443.70,40962.90
50100,5/27/2017 5:09:00 PM,23925.70,-443.70,40963.00
50100,5/27/2017 5:10:00 PM,23925.70,-443.60,40963.10
50100,5/27/2017 5:11:00 PM,23925.50,-443.60,40963.20
50100,5/27/2017 5:12:00 PM,23925.30,-444.00,40963.30
50100,5/27/2017 5:13:00 PM,23924.90,-444.20,40963.30
50100,5/27/2017 5:14:00 PM,23924.90,-444.30,40963.20
50100,5/27/2017 5:15:00 PM,23925.10,-444.40,40963.30
50100,5/27/2017 5:16:00 PM,23925.50,-444.80,40963.30
50100,5/27/2017 5:17:00 PM,23926.70,-445.30,40963.50
50100,5/27/2017 5:18:00 PM,23927.80,-445.40,40963.70
50100,5/27/2017 5:19:00 PM,23928.00,-445.30,40963.90
50100,5/27/2017 5:20:00 PM,23928.20,-445.30,40964.10
50100,5/27/2017 5:21:00 PM,23927.60,-445.50,40964.20
50100,5/27/2017 5:22:00 PM,23926.80,-446.70,40964.20
50100,5/27/2017 5:23:00 PM,23926.10,-447.30,40964.10
50100,5/27/2017 5:24:00 PM,23926.50,-447.20,40964.00
50100,5/27/2017 5:25:00 PM,23928.00,-447.40,40964.10
50100,5/27/2017 5:26:00 PM,23929.70,-447.30,40964.40
50100,5/27/2017 5:27:00 PM,23931.20,-447.80,40964.80
50100,5/27/2017 5:28:00 PM,23934.30,-448.30,40965.20
50100,5/27/2017 5:29:00 PM,23936.90,-448.10,40965.90
50100,5/27/2017 5:30:00 PM,23937.20,-447.70,40966.50
50100,5/27/2017 5:31:00 PM,23936.90,-447.60,40966.90
50100,5/27/2017 5:32:00 PM,23936.50,-448.20,40967.20
50100,5/27/2017 5:33:00 PM,23936.20,-449.50,40967.40
50100,5/27/2017 5:34:00 PM,23936.70,-450.40,40967.50
50100,5/27/2017 5:35:00 PM,23937.10,-450.60,40967.60
50100,5/27/2017 5:36:00 PM,23937.00,-451.00,40967.70
50100,5/27/2017 5:37:00 PM,23936.60,-451.50,40967.70
50100,5/27/2017 5:38:00 PM,23936.90,-452.40,40967.70
50100,5/27/2017 5:39:00 PM,23937.80,-452.60,40967.80
50100,5/27/2017 5:40:00 PM,23938.10,-452.90,40967.90
50100,5/27/2017 5:41:00 PM,23938.40,-453.30,40968.10
50100,5/27/2017 5:42:00 PM,23938.90,-453.50,40968.20
50100,5/27/2017 5:43:00 PM,23939.40,-453.70,40968.40
50100,5/27/2017 5:44:00 PM,23939.80,-454.50,40968.60
50100,5/27/2017 5:45:00 PM,23939.30,-455.50,40968.60
50100,5/27/2017 5:46:00 PM,23938.40,-456.20,40968.60
50100,5/27/2017 5:47:00 PM,23938.20,-456.70,40968.50
50100,5/27/2017 5:48:00 PM,23938.70,-456.70,40968.50
50100,5/27/2017 5:49:00 PM,23939.50,-457.20,40968.60
50100,5/27/2017 5:50:00 PM,23940.20,-457.50,40968.80
50100,5/27/2017 5:51:00 PM,23940.90,-457.90,40969.00
50100,5/27/2017 5:52:00 PM,23941.30,-458.00,40969.20
50100,5/27/2017 5:53:00 PM,23941.30,-458.20,40969.40
50100,5/27/2017 5:54:00 PM,23941.00,-458.20,40969.60
50100,5/27/2017 5:55:00 PM,23940.90,-458.60,40969.70
50100,5/27/2017 5:56:00 PM,23941.40,-458.60,40969.90
50100,5/27/2017 5:57:00 PM,23941.80,-458.60,40970.10
50100,5/27/2017 5:58:00 PM,23941.10,-459.00,40970.20
50100,5/27/2017 5:59:00 PM,23942.30,-459.00,40970.40
50100,5/27/2017 6:00:00 PM,23942.80,-458.50,40970.70
50100,5/27/2017 6:01:00 PM,23942.40,-458.70,40970.90
50100,5/27/2017 6:02:00 PM,23942.10,-459.10,40971.10
50100,5/27/2017 6:03:00 PM,23942.00,-459.20,40971.20
50100,5/27/2017 6:04:00 PM,23942.50,-459.30,40971.30
50100,5/27/2017 6:05:00 PM,23943.00,-459.00,40971.60
50100,5/27/2017 6:06:00 PM,23944.00,-459.20,40971.90
50100,5/27/2017 6:07:00 PM,23944.00,-459.30,40972.10
50100,5/27/2017 6:08:00 PM,23944.40,-459.80,40972.30
50100,5/27/2017 6:09:00 PM,23944.90,-459.80,40972.60
50100,5/27/2017 6:10:00 PM,23945.10,-459.90,40972.80
50100,5/27/2017 6:11:00 PM,23945.10,-460.20,40973.00
50100,5/27/2017 6:12:00 PM,23944.90,-460.70,40973.10
50100,5/27/2017 6:13:00 PM,23944.40,-460.90,40973.20
50100,5/27/2017 6:14:00 PM,23944.80,-461.30,40973.30
50100,5/27/2017 6:15:00 PM,23944.90,-461.70,40973.40
50100,5/27/2017 6:16:00 PM,23944.30,-462.40,40973.40
50100,5/27/2017 6:17:00 PM,23944.00,-462.80,40973.40
50100,5/27/2017 6:18:00 PM,23944.50,-463.90,40973.30
50100,5/27/2017 6:19:00 PM,23947.00,-463.30,40973.60
50100,5/27/2017 6:20:00 PM,23948.10,-463.30,40974.00
50100,5/27/2017 6:21:00 PM,23949.00,-463.90,40974.30
50100,5/27/2017 6:22:00 PM,23950.20,-463.90,40974.60
50100,5/27/2017 6:23:00 PM,23948.20,-464.30,40974.80
50100,5/27/2017 6:24:00 PM,23945.70,-465.40,40974.70
50100,5/27/2017 6:25:00 PM,23945.70,-465.60,40974.50
50100,5/27/2017 6:26:00 PM,23947.00,-466.00,40974.50
50100,5/27/2017 6:27:00 PM,23949.80,-465.50,40974.90
50100,5/27/2017 6:28:00 PM,23950.50,-465.30,40975.30
50100,5/27/2017 6:29:00 PM,23949.80,-465.80,40975.50
50100,5/27/2017 6:30:00 PM,23950.20,-466.80,40975.70
50100,5/27/2017 6:31:00 PM,23951.80,-467.00,40975.90
50100,5/27/2017 6:32:00 PM,23953.00,-467.60,40976.30
50100,5/27/2017 6:33:00 PM,23953.10,-467.80,40976.50
50100,5/27/2017 6:34:00 PM,23953.60,-468.30,40976.80
50100,5/27/2017 6:35:00 PM,23954.00,-468.40,40977.10
50100,5/27/2017 6:36:00 PM,23953.80,-469.10,40977.30
50100,5/27/2017 6:37:00 PM,23953.70,-469.80,40977.40
50100,5/27/2017 6:38:00 PM,23954.00,-470.10,40977.60
50100,5/27/2017 6:39:00 PM,23953.90,-470.50,40977.70
50100,5/27/2017 6:40:00 PM,23954.30,-470.90,40977.90
50100,5/27/2017 6:41:00 PM,23954.40,-471.30,40978.00
50100,5/27/2017 6:42:00 PM,23954.10,-471.60,40978.10
50100,5/27/2017 6:43:00 PM,23954.40,-472.10,40978.30
50100,5/27/2017 6:44:00 PM,23954.60,-472.10,40978.40
50100,5/27/2017 6:45:00 PM,23954.80,-472.40,40978.60
50100,5/27/2017 6:46:00 PM,23955.40,-472.80,40978.80
50100,5/27/2017 6:47:00 PM,23956.10,-473.00,40979.10
50100,5/27/2017 6:48:00 PM,23956.40,-473.30,40979.30
50100,5/27/2017 6:49:00 PM,23956.60,-473.70,40979.50
50100,5/27/2017 6:50:00 PM,23957.10,-473.90,40979.80
50100,5/27/2017 6:51:00 PM,23958.20,-474.30,40980.10
50100,5/27/2017 6:52:00 PM,23958.70,-474.70,40980.40
50100,5/27/2017 6:53:00 PM,23958.20,-475.40,40980.60
50100,5/27/2017 6:54:00 PM,23957.80,-475.70,40980.70
50100,5/27/2017 6:55:00 PM,23957.10,-475.80,40980.80
50100,5/27/2017 6:56:00 PM,23956.00,-475.90,40980.80
50100,5/27/2017 6:57:00 PM,23955.20,-476.00,40980.80
50100,5/27/2017 6:58:00 PM,23954.00,-475.80,40980.80
50100,5/27/2017 6:59:00 PM,23953.50,-475.70,40980.70
50100,5/27/2017 7:00:00 PM,23953.40,-475.70,40980.80
50100,5/27/2017 7:01:00 PM,23952.80,-475.70,40980.80
50100,5/27/2017 7:02:00 PM,23952.40,-476.10,40980.70
50100,5/27/2017 7:03:00 PM,23955.70,-476.00,40981.00
50100,5/27/2017 7:04:00 PM,23957.80,-476.10,40981.50
50100,5/27/2017 7:05:00 PM,23958.20,-476.50,40981.90
50100,5/27/2017 7:06:00 PM,23958.00,-476.90,40982.20
50100,5/27/2017 7:07:00 PM,23956.50,-477.40,40982.20
50100,5/27/2017 7:08:00 PM,23956.10,-477.60,40982.30
50100,5/27/2017 7:09:00 PM,23955.60,-477.60,40982.30
50100,5/27/2017 7:10:00 PM,23955.10,-477.60,40982.40
50100,5/27/2017 7:11:00 PM,23954.60,-477.40,40982.40
50100,5/27/2017 7:12:00 PM,23955.30,-477.50,40982.50
50100,5/27/2017 7:13:00 PM,23957.10,-477.50,40982.80
50100,5/27/2017 7:14:00 PM,23959.00,-477.60,40983.30
50100,5/27/2017 7:15:00 PM,23959.50,-477.80,40983.70
50100,5/27/2017 7:16:00 PM,23959.10,-478.00,40984.10
50100,5/27/2017 7:17:00 PM,23957.70,-478.40,40984.20
50100,5/27/2017 7:18:00 PM,23956.90,-478.30,40984.30
50100,5/27/2017 7:19:00 PM,23957.10,-478.10,40984.40
50100,5/27/2017 7:20:00 PM,23957.10,-478.00,40984.60
50100,5/27/2017 7:21:00 PM,23956.40,-478.20,40984.80
50100,5/27/2017 7:22:00 PM,23956.20,-478.10,40984.90
50100,5/27/2017 7:23:00 PM,23955.40,-478.10,40985.00
50100,5/27/2017 7:24:00 PM,23954.90,-477.70,40985.10
50100,5/27/2017 7:25:00 PM,23954.30,-477.20,40985.20
50100,5/27/2017 7:26:00 PM,23954.70,-476.80,40985.40
50100,5/27/2017 7:27:00 PM,23955.60,-476.70,40985.70
50100,5/27/2017 7:28:00 PM,23955.70,-476.60,40986.00
50100,5/27/2017 7:29:00 PM,23956.10,-476.30,40986.30
50100,5/27/2017 7:30:00 PM,23956.30,-475.90,40986.60
50100,5/27/2017 7:31:00 PM,23955.90,-475.30,40986.90
50100,5/27/2017 7:32:00 PM,23955.40,-475.10,40987.20
50100,5/27/2017 7:33:00 PM,23955.10,-474.70,40987.40
50100,5/27/2017 7:34:00 PM,23954.20,-474.40,40987.60
50100,5/27/2017 7:35:00 PM,23954.00,-473.80,40987.80
50100,5/27/2017 7:36:00 PM,23955.00,-473.20,40988.20
50100,5/27/2017 7:37:00 PM,23955.50,-473.20,40988.60
50100,5/27/2017 7:38:00 PM,23956.20,-473.50,40989.00
50100,5/27/2017 7:39:00 PM,23957.40,-473.40,40989.40
50100,5/27/2017 7:40:00 PM,23958.20,-473.40,40989.90
50100,5/27/2017 7:41:00 PM,23959.00,-473.40,40990.30
50100,5/27/2017 7:42:00 PM,23959.80,-473.50,40990.80
50100,5/27/2017 7:43:00 PM,23959.80,-473.60,40991.20
50100,5/27/2017 7:44:00 PM,23958.30,-473.80,40991.50
50100,5/27/2017 7:45:00 PM,23955.90,-473.70,40991.50
50100,5/27/2017 7:46:00 PM,23954.70,-472.70,40991.50
50100,5/27/2017 7:47:00 PM,23954.90,-472.30,40991.60
50100,5/27/2017 7:48:00 PM,23957.40,-472.90,40992.00
50100,5/27/2017 7:49:00 PM,23957.20,-472.60,40992.40
50100,5/27/2017 7:50:00 PM,23955.50,-472.80,40992.50
50100,5/27/2017 7:51:00 PM,23955.50,-473.50,40992.60
50100,5/27/2017 7:52:00 PM,23957.70,-473.60,40992.80
50100,5/27/2017 7:53:00 PM,23957.90,-472.70,40993.20
50100,5/27/2017 7:54:00 PM,23957.20,-472.20,40993.40
50100,5/27/2017 7:55:00 PM,23957.50,-472.10,40993.70
50100,5/27/2017 7:56:00 PM,23959.20,-472.50,40994.10
50100,5/27/2017 7:57:00 PM,23959.60,-472.20,40994.50
50100,5/27/2017 7:58:00 PM,23960.30,-471.90,40994.80
50100,5/27/2017 7:59:00 PM,23958.90,-470.80,40995.10
50100,5/27/2017 8:00:00 PM,23958.30,-470.60,40995.30
50100,5/27/2017 8:01:00 PM,23960.70,-470.60,40995.70
50100,5/27/2017 8:02:00 PM,23961.30,-471.00,40996.10
50100,5/27/2017 8:03:00 PM,23963.30,-471.20,40996.60
50100,5/27/2017 8:04:00 PM,23965.70,-471.00,40997.10
50100,5/27/2017 8:05:00 PM,23966.80,-470.70,40997.70
50100,5/27/2017 8:06:00 PM,23965.60,-470.50,40998.10
50100,5/27/2017 8:07:00 PM,23965.10,-470.50,40998.40
50100,5/27/2017 8:08:00 PM,23965.00,-470.20,40998.60
50100,5/27/2017 8:09:00 PM,23965.50,-470.10,40998.90
50100,5/27/2017 8:10:00 PM,23964.10,-469.80,40999.00
50100,5/27/2017 8:11:00 PM,23963.50,-470.40,40999.00
50100,5/27/2017 8:12:00 PM,23964.60,-470.60,40999.00
50100,5/27/2017 8:13:00 PM,23967.40,-470.30,40999.40
50100,5/27/2017 8:14:00 PM,23969.20,-470.00,40999.90
50100,5/27/2017 8:15:00 PM,23968.90,-469.30,41000.20
50100,5/27/2017 8:16:00 PM,23969.40,-468.40,41000.60
50100,5/27/2017 8:17:00 PM,23970.40,-468.40,41001.00
50100,5/27/2017 8:18:00 PM,23968.30,-468.50,41001.20
50100,5/27/2017 8:19:00 PM,23968.00,-468.10,41001.30
50100,5/27/2017 8:20:00 PM,23967.70,-467.70,41001.40
50100,5/27/2017 8:21:00 PM,23967.80,-467.40,41001.50
50100,5/27/2017 8:22:00 PM,23968.40,-467.20,41001.70
50100,5/27/2017 8:23:00 PM,23969.40,-467.50,41001.90
50100,5/27/2017 8:24:00 PM,23970.10,-467.60,41002.10
50100,5/27/2017 8:25:00 PM,23969.20,-467.80,41002.20
50100,5/27/2017 8:26:00 PM,23970.00,-468.60,41002.20
50100,5/27/2017 8:27:00 PM,23971.90,-468.50,41002.40
50100,5/27/2017 8:28:00 PM,23971.50,-467.80,41002.60
50100,5/27/2017 8:29:00 PM,23968.90,-467.20,41002.60
50100,5/27/2017 8:30:00 PM,23968.50,-467.90,41002.60
50100,5/27/2017 8:31:00 PM,23970.10,-468.60,41002.70
50100,5/27/2017 8:32:00 PM,23969.90,-468.20,41002.70
50100,5/27/2017 8:33:00 PM,23969.80,-467.50,41002.80
50100,5/27/2017 8:34:00 PM,23970.40,-467.40,41003.00
50100,5/27/2017 8:35:00 PM,23969.90,-467.50,41003.10
50100,5/27/2017 8:36:00 PM,23969.30,-467.90,41003.10
50100,5/27/2017 8:37:00 PM,23970.00,-467.90,41003.10
50100,5/27/2017 8:38:00 PM,23970.90,-467.90,41003.30
50100,5/27/2017 8:39:00 PM,23971.40,-467.80,41003.50
50100,5/27/2017 8:40:00 PM,23970.80,-467.60,41003.60
50100,5/27/2017 8:41:00 PM,23970.00,-467.50,41003.60
50100,5/27/2017 8:42:00 PM,23969.60,-467.10,41003.60
50100,5/27/2017 8:43:00 PM,23970.00,-466.80,41003.70
50100,5/27/2017 8:44:00 PM,23971.10,-466.80,41003.80
50100,5/27/2017 8:45:00 PM,23971.60,-467.00,41004.00
50100,5/27/2017 8:46:00 PM,23969.70,-466.60,41003.90
50100,5/27/2017 8:47:00 PM,23971.40,-467.00,41004.00
50100,5/27/2017 8:48:00 PM,23971.30,-466.00,41004.10
50100,5/27/2017 8:49:00 PM,23970.70,-465.10,41004.20
50100,5/27/2017 8:50:00 PM,23970.90,-465.30,41004.30
50100,5/27/2017 8:51:00 PM,23971.10,-465.60,41004.40
50100,5/27/2017 8:52:00 PM,23971.70,-465.20,41004.50
50100,5/27/2017 8:53:00 PM,23972.20,-464.60,41004.60
50100,5/27/2017 8:54:00 PM,23972.10,-464.50,41004.70
50100,5/27/2017 8:55:00 PM,23971.00,-464.30,41004.70
50100,5/27/2017 8:56:00 PM,23970.00,-463.90,41004.70
50100,5/27/2017 8:57:00 PM,23968.70,-463.50,41004.50
50100,5/27/2017 8:58:00 PM,23968.70,-463.40,41004.40
50100,5/27/2017 8:59:00 PM,23968.90,-462.90,41004.40
50100,5/27/2017 9:00:00 PM,23965.30,-462.00,41004.10
50100,5/27/2017 9:01:00 PM,23961.90,-461.70,41003.60
50100,5/27/2017 9:02:00 PM,23961.30,-460.50,41003.20
50100,5/27/2017 9:03:00 PM,23961.70,-460.00,41003.00
50100,5/27/2017 9:04:00 PM,23963.10,-459.80,41002.90
50100,5/27/2017 9:05:00 PM,23965.00,-459.80,41003.00
50100,5/27/2017 9:06:00 PM,23964.90,-459.60,41003.10
50100,5/27/2017 9:07:00 PM,23965.20,-459.50,41003.10
50100,5/27/2017 9:08:00 PM,23966.70,-459.30,41003.30
50100,5/27/2017 9:09:00 PM,23967.30,-458.90,41003.50
50100,5/27/2017 9:10:00 PM,23966.90,-458.50,41003.70
50100,5/27/2017 9:11:00 PM,23966.50,-458.10,41003.80
50100,5/27/2017 9:12:00 PM,23967.30,-457.40,41004.10
50100,5/27/2017 9:13:00 PM,23968.80,-456.90,41004.50
50100,5/27/2017 9:14:00 PM,23969.00,-456.50,41004.90
50100,5/27/2017 9:15:00 PM,23968.80,-456.00,41005.20
50100,5/27/2017 9:16:00 PM,23969.80,-456.20,41005.40
50100,5/27/2017 9:17:00 PM,23972.30,-456.10,41005.90
50100,5/27/2017 9:18:00 PM,23973.00,-456.00,41006.40
50100,5/27/2017 9:19:00 PM,23974.00,-456.30,41006.80
50100,5/27/2017 9:20:00 PM,23974.30,-456.50,41007.20
50100,5/27/2017 9:21:00 PM,23975.10,-456.40,41007.50
50100,5/27/2017 9:22:00 PM,23974.20,-456.30,41007.70
50100,5/27/2017 9:23:00 PM,23974.40,-456.30,41007.90
50100,5/27/2017 9:24:00 PM,23975.60,-456.40,41008.10
50100,5/27/2017 9:25:00 PM,23976.60,-456.50,41008.40
50100,5/27/2017 9:26:00 PM,23976.90,-456.10,41008.70
50100,5/27/2017 9:27:00 PM,23974.30,-455.80,41008.70
50100,5/27/2017 9:28:00 PM,23973.80,-455.90,41008.60
50100,5/27/2017 9:29:00 PM,23975.20,-456.00,41008.70
50100,5/27/2017 9:30:00 PM,23975.10,-456.00,41008.80
50100,5/27/2017 9:31:00 PM,23975.80,-456.20,41008.80
50100,5/27/2017 9:32:00 PM,23976.90,-456.60,41008.90
50100,5/27/2017 9:33:00 PM,23977.10,-456.70,41009.00
50100,5/27/2017 9:34:00 PM,23978.00,-456.70,41009.10
50100,5/27/2017 9:35:00 PM,23974.80,-456.20,41009.00
50100,5/27/2017 9:36:00 PM,23969.90,-455.40,41008.50
50100,5/27/2017 9:37:00 PM,23967.20,-454.50,41007.90
50100,5/27/2017 9:38:00 PM,23966.10,-453.70,41007.40
50100,5/27/2017 9:39:00 PM,23966.20,-453.60,41007.00
50100,5/27/2017 9:40:00 PM,23966.00,-453.40,41006.70
50100,5/27/2017 9:41:00 PM,23964.00,-452.80,41006.30
50100,5/27/2017 9:42:00 PM,23962.20,-452.80,41005.70
50100,5/27/2017 9:43:00 PM,23963.00,-452.30,41005.30
50100,5/27/2017 9:44:00 PM,23964.00,-452.10,41005.10
50100,5/27/2017 9:45:00 PM,23960.50,-450.10,41005.00
50100,5/27/2017 9:46:00 PM,23947.40,-448.70,41003.70
50100,5/27/2017 9:47:00 PM,23938.90,-446.90,41002.00
50100,5/27/2017 9:48:00 PM,23936.90,-445.80,41000.50
50100,5/27/2017 9:49:00 PM,23938.10,-444.60,40999.60
50100,5/27/2017 9:50:00 PM,23935.90,-444.10,40998.80
50100,5/27/2017 9:51:00 PM,23933.80,-443.40,40997.70
50100,5/27/2017 9:52:00 PM,23934.80,-442.50,40997.00
50100,5/27/2017 9:53:00 PM,23936.30,-442.20,40996.60
50100,5/27/2017 9:54:00 PM,23937.30,-442.30,40996.40
50100,5/27/2017 9:55:00 PM,23938.60,-442.50,40996.20
50100,5/27/2017 9:56:00 PM,23943.20,-442.80,40996.40
50100,5/27/2017 9:57:00 PM,23951.00,-443.00,40997.20
50100,5/27/2017 9:58:00 PM,23957.00,-443.00,40998.50
50100,5/27/2017 9:59:00 PM,23963.20,-444.10,41000.10
50100,5/27/2017 10:00:00 PM,23967.40,-444.20,41001.80
50100,5/27/2017 10:01:00 PM,23970.00,-444.10,41003.40
50100,5/27/2017 10:02:00 PM,23971.80,-444.00,41005.10
50100,5/27/2017 10:03:00 PM,23972.40,-443.80,41006.50
50100,5/27/2017 10:04:00 PM,23971.80,-443.80,41007.80
50100,5/27/2017 10:05:00 PM,23971.00,-443.40,41008.80
50100,5/27/2017 10:06:00 PM,23969.40,-442.80,41009.60
50100,5/27/2017 10:07:00 PM,23967.20,-442.80,41010.30
50100,5/27/2017 10:08:00 PM,23965.20,-442.90,41010.60
50100,5/27/2017 10:09:00 PM,23964.60,-443.30,41010.90
50100,5/27/2017 10:10:00 PM,23964.70,-443.40,41011.20
50100,5/27/2017 10:11:00 PM,23964.10,-443.70,41011.50
50100,5/27/2017 10:12:00 PM,23960.80,-442.90,41011.50
50100,5/27/2017 10:13:00 PM,23956.30,-442.30,41011.20
50100,5/27/2017 10:14:00 PM,23955.40,-442.30,41010.90
50100,5/27/2017 10:15:00 PM,23956.60,-442.30,41010.90
50100,5/27/2017 10:16:00 PM,23954.90,-442.00,41010.80
50100,5/27/2017 10:17:00 PM,23954.90,-442.10,41010.70
50100,5/27/2017 10:18:00 PM,23953.80,-442.10,41010.60
50100,5/27/2017 10:19:00 PM,23951.00,-441.60,41010.30
50100,5/27/2017 10:20:00 PM,23949.20,-441.40,41009.90
50100,5/27/2017 10:21:00 PM,23948.20,-441.30,41009.60
50100,5/27/2017 10:22:00 PM,23947.70,-441.40,41009.40
50100,5/27/2017 10:23:00 PM,23945.80,-441.60,41009.00
50100,5/27/2017 10:24:00 PM,23944.00,-441.70,41008.50
50100,5/27/2017 10:25:00 PM,23943.90,-442.00,41008.20
50100,5/27/2017 10:26:00 PM,23944.20,-442.50,41007.90
50100,5/27/2017 10:27:00 PM,23945.70,-442.80,41007.80
50100,5/27/2017 10:28:00 PM,23944.20,-442.80,41007.70
50100,5/27/2017 10:29:00 PM,23941.10,-442.00,41007.40
50100,5/27/2017 10:30:00 PM,23939.70,-442.40,41007.00
50100,5/27/2017 10:31:00 PM,23941.30,-443.40,41006.80
50100,5/27/2017 10:32:00 PM,23943.60,-443.60,41006.90
50100,5/27/2017 10:33:00 PM,23943.30,-443.60,41007.10
50100,5/27/2017 10:34:00 PM,23943.50,-444.20,41007.20
50100,5/27/2017 10:35:00 PM,23942.00,-443.80,41007.20
50100,5/27/2017 10:36:00 PM,23939.60,-443.50,41007.10
50100,5/27/2017 10:37:00 PM,23937.80,-443.80,41006.90
50100,5/27/2017 10:38:00 PM,23936.00,-444.20,41006.70
50100,5/27/2017 10:39:00 PM,23934.30,-444.50,41006.30
50100,5/27/2017 10:40:00 PM,23933.80,-444.90,41006.00
50100,5/27/2017 10:41:00 PM,23931.60,-444.50,41005.70
50100,5/27/2017 10:42:00 PM,23928.30,-444.70,41005.20
50100,5/27/2017 10:43:00 PM,23924.50,-445.10,41004.50
50100,5/27/2017 10:44:00 PM,23921.90,-445.80,41003.70
50100,5/27/2017 10:45:00 PM,23918.90,-445.90,41002.80
50100,5/27/2017 10:46:00 PM,23916.70,-446.50,41001.90
50100,5/27/2017 10:47:00 PM,23913.80,-446.50,41001.00
50100,5/27/2017 10:48:00 PM,23913.80,-447.30,41000.30
50100,5/27/2017 10:49:00 PM,23913.10,-447.50,40999.60
50100,5/27/2017 10:50:00 PM,23911.10,-447.40,40999.00
50100,5/27/2017 10:51:00 PM,23908.50,-447.40,40998.40
50100,5/27/2017 10:52:00 PM,23906.70,-448.00,40997.70
50100,5/27/2017 10:53:00 PM,23905.50,-448.70,40997.00
50100,5/27/2017 10:54:00 PM,23909.80,-449.60,40996.90
50100,5/27/2017 10:55:00 PM,23905.50,-449.90,40996.60
50100,5/27/2017 10:56:00 PM,23901.90,-450.40,40996.00
50100,5/27/2017 10:57:00 PM,23898.30,-451.30,40995.20
50100,5/27/2017 10:58:00 PM,23896.30,-451.80,40994.40
50100,5/27/2017 10:59:00 PM,23892.50,-452.60,40993.50
50100,5/27/2017 11:00:00 PM,23891.30,-454.40,40992.60
50100,5/27/2017 11:01:00 PM,23884.40,-455.40,40991.40
50100,5/27/2017 11:02:00 PM,23882.20,-457.20,40989.90
50100,5/27/2017 11:03:00 PM,23879.70,-456.20,40988.80
50100,5/27/2017 11:04:00 PM,23878.00,-456.60,40987.90
50100,5/27/2017 11:05:00 PM,23876.10,-456.70,40987.00
50100,5/27/2017 11:06:00 PM,23872.60,-457.20,40986.30
50100,5/27/2017 11:07:00 PM,23870.30,-458.00,40985.30
50100,5/27/2017 11:08:00 PM,23863.20,-458.40,40984.10
50100,5/27/2017 11:09:00 PM,23858.60,-458.20,40982.70
50100,5/27/2017 11:10:00 PM,23856.90,-458.10,40981.60
50100,5/27/2017 11:11:00 PM,23855.40,-456.10,40980.90
50100,5/27/2017 11:12:00 PM,23851.70,-456.80,40980.10
50100,5/27/2017 11:13:00 PM,23851.70,-456.90,40979.40
50100,5/27/2017 11:14:00 PM,23849.00,-456.70,40978.80
50100,5/27/2017 11:15:00 PM,23844.90,-455.90,40978.20
50100,5/27/2017 11:16:00 PM,23839.00,-455.90,40977.10
50100,5/27/2017 11:17:00 PM,23834.60,-455.20,40976.10
50100,5/27/2017 11:18:00 PM,23830.20,-454.80,40974.90
50100,5/27/2017 11:19:00 PM,23824.80,-452.80,40973.80
50100,5/27/2017 11:20:00 PM,23824.80,-451.30,40972.90
50100,5/27/2017 11:21:00 PM,23826.60,-449.20,40972.80
50100,5/27/2017 11:22:00 PM,23829.20,-446.60,40973.10
50100,5/27/2017 11:23:00 PM,23831.00,-444.40,40973.80
50100,5/27/2017 11:24:00 PM,23833.20,-442.90,40974.70
50100,5/27/2017 11:25:00 PM,23833.40,-441.50,40975.70
50100,5/27/2017 11:26:00 PM,23831.30,-441.00,40976.40
50100,5/27/2017 11:27:00 PM,23829.60,-440.60,40976.90
50100,5/27/2017 11:28:00 PM,23827.80,-439.80,40977.20
50100,5/27/2017 11:29:00 PM,23825.50,-440.40,40977.30
50100,5/27/2017 11:30:00 PM,23826.20,-439.10,40977.50
50100,5/27/2017 11:31:00 PM,23826.30,-437.60,40977.80
50100,5/27/2017 11:32:00 PM,23828.00,-436.10,40978.40
50100,5/27/2017 11:33:00 PM,23830.30,-434.30,40979.30
50100,5/27/2017 11:34:00 PM,23831.60,-432.30,40980.40
50100,5/27/2017 11:35:00 PM,23831.80,-430.60,40981.40
50100,5/27/2017 11:36:00 PM,23832.70,-429.20,40982.40
50100,5/27/2017 11:37:00 PM,23834.70,-428.10,40983.60
50100,5/27/2017 11:38:00 PM,23837.40,-427.70,40984.80
50100,5/27/2017 11:39:00 PM,23838.70,-427.30,40985.90
50100,5/27/2017 11:40:00 PM,23839.10,-426.70,40986.90
50100,5/27/2017 11:41:00 PM,23839.90,-426.30,40987.80
50100,5/27/2017 11:42:00 PM,23841.10,-427.00,40988.70
50100,5/27/2017 11:43:00 PM,23841.30,-427.50,40989.40
50100,5/27/2017 11:44:00 PM,23840.70,-427.90,40989.90
50100,5/27/2017 11:45:00 PM,23841.40,-428.50,40990.40
50100,5/27/2017 11:46:00 PM,23841.90,-429.10,40990.80
50100,5/27/2017 11:47:00 PM,23841.90,-429.10,40991.20
50100,5/27/2017 11:48:00 PM,23842.60,-429.10,40991.60
50100,5/27/2017 11:49:00 PM,23842.70,-429.50,40991.90
50100,5/27/2017 11:50:00 PM,23842.60,-429.30,40992.20
50100,5/27/2017 11:51:00 PM,23843.20,-429.00,40992.60
50100,5/27/2017 11:52:00 PM,23846.00,-428.60,40993.10
50100,5/27/2017 11:53:00 PM,23848.80,-427.50,40994.00
50100,5/27/2017 11:54:00 PM,23850.60,-426.90,40994.90
50100,5/27/2017 11:55:00 PM,23852.00,-426.90,40995.80
50100,5/27/2017 11:56:00 PM,23853.60,-427.20,40996.70
50100,5/27/2017 11:57:00 PM,23855.40,-427.80,40997.50
50100,5/27/2017 11:58:00 PM,23856.90,-428.60,40998.30
50100,5/27/2017 11:59:00 PM,23857.90,-428.80,40999.00
50100,5/28/2017 12:00:00 AM,23859.30,-429.20,40999.70
50100,5/28/2017 12:01:00 AM,23860.50,-429.90,41000.40
50100,5/28/2017 12:02:00 AM,23861.10,-430.80,41001.10
50100,5/28/2017 12:03:00 AM,23860.30,-431.20,41001.60
50100,5/28/2017 12:04:00 AM,23859.50,-431.70,41001.90
50100,5/28/2017 12:05:00 AM,23856.90,-432.60,41002.10
50100,5/28/2017 12:06:00 AM,23854.80,-434.00,41001.90
50100,5/28/2017 12:07:00 AM,23852.90,-434.90,41001.70
50100,5/28/2017 12:08:00 AM,23850.50,-435.60,41001.30
50100,5/28/2017 12:09:00 AM,23848.00,-436.00,41000.90
50100,5/28/2017 12:10:00 AM,23845.80,-436.70,41000.40
50100,5/28/2017 12:11:00 AM,23844.80,-437.50,41000.00
50100,5/28/2017 12:12:00 AM,23843.40,-438.30,40999.60
50100,5/28/2017 12:13:00 AM,23842.20,-437.90,40999.30
50100,5/28/2017 12:14:00 AM,23841.40,-437.10,40999.10
50100,5/28/2017 12:15:00 AM,23839.80,-436.90,40999.00
50100,5/28/2017 12:16:00 AM,23838.40,-437.00,40998.80
50100,5/28/2017 12:17:00 AM,23835.60,-436.90,40998.60
50100,5/28/2017 12:18:00 AM,23833.00,-436.30,40998.30
50100,5/28/2017 12:19:00 AM,23831.00,-436.10,40998.00
50100,5/28/2017 12:20:00 AM,23830.90,-435.40,40997.90
50100,5/28/2017 12:21:00 AM,23830.80,-434.80,40997.90
50100,5/28/2017 12:22:00 AM,23831.10,-434.30,40998.10
50100,5/28/2017 12:23:00 AM,23830.00,-433.10,40998.30
50100,5/28/2017 12:24:00 AM,23828.80,-430.90,40998.50
50100,5/28/2017 12:25:00 AM,23828.50,-428.40,40999.00
50100,5/28/2017 12:26:00 AM,23829.30,-426.30,40999.70
50100,5/28/2017 12:27:00 AM,23828.70,-424.80,41000.40
50100,5/28/2017 12:28:00 AM,23827.80,-424.00,41001.00
50100,5/28/2017 12:29:00 AM,23827.10,-423.70,41001.50
50100,5/28/2017 12:30:00 AM,23826.10,-422.90,41001.90
50100,5/28/2017 12:31:00 AM,23825.30,-422.90,41002.10
50100,5/28/2017 12:32:00 AM,23823.40,-423.80,41002.20
50100,5/28/2017 12:33:00 AM,23820.50,-426.00,41001.90
50100,5/28/2017 12:34:00 AM,23817.70,-428.00,41001.20
50100,5/28/2017 12:35:00 AM,23814.50,-429.50,41000.40
50100,5/28/2017 12:36:00 AM,23808.00,-430.90,40999.20
50100,5/28/2017 12:37:00 AM,23802.20,-431.20,40997.80
50100,5/28/2017 12:38:00 AM,23800.00,-427.90,40996.80
50100,5/28/2017 12:39:00 AM,23794.80,-425.20,40996.10
50100,5/28/2017 12:40:00 AM,23790.90,-422.50,40995.40
50100,5/28/2017 12:41:00 AM,23786.90,-419.20,40994.90
50100,5/28/2017 12:42:00 AM,23783.20,-418.60,40994.40
50100,5/28/2017 12:43:00 AM,23782.70,-416.50,40994.00
50100,5/28/2017 12:44:00 AM,23782.10,-414.50,40993.90
50100,5/28/2017 12:45:00 AM,23782.90,-411.20,40994.10
50100,5/28/2017 12:46:00 AM,23784.40,-407.90,40994.70
50100,5/28/2017 12:47:00 AM,23785.10,-406.10,40995.40
50100,5/28/2017 12:48:00 AM,23785.90,-405.00,40996.20
50100,5/28/2017 12:49:00 AM,23787.20,-403.80,40996.90
50100,5/28/2017 12:50:00 AM,23789.50,-403.70,40997.70
50100,5/28/2017 12:51:00 AM,23792.40,-402.60,40998.50
50100,5/28/2017 12:52:00 AM,23794.80,-401.30,40999.60
50100,5/28/2017 12:53:00 AM,23796.20,-399.90,41000.60
50100,5/28/2017 12:54:00 AM,23797.10,-398.10,41001.50
50100,5/28/2017 12:55:00 AM,23797.20,-397.30,41002.40
50100,5/28/2017 12:56:00 AM,23796.00,-397.70,41003.00
50100,5/28/2017 12:57:00 AM,23796.60,-400.90,41003.30
50100,5/28/2017 12:58:00 AM,23798.10,-403.40,41003.40
50100,5/28/2017 12:59:00 AM,23797.70,-405.90,41003.20
50100,5/28/2017 1:00:00 AM,23796.70,-408.30,41002.70
50100,5/28/2017 1:01:00 AM,23795.70,-409.20,41002.20
50100,5/28/2017 1:02:00 AM,23793.70,-410.80,41001.70
50100,5/28/2017 1:03:00 AM,23791.10,-412.00,41001.00
50100,5/28/2017 1:04:00 AM,23788.00,-412.80,41000.20
50100,5/28/2017 1:05:00 AM,23786.20,-413.30,40999.40
50100,5/28/2017 1:06:00 AM,23784.40,-414.50,40998.70
50100,5/28/2017 1:07:00 AM,23783.60,-414.90,40998.00
50100,5/28/2017 1:08:00 AM,23782.90,-414.80,40997.50
50100,5/28/2017 1:09:00 AM,23782.10,-414.20,40997.20
50100,5/28/2017 1:10:00 AM,23781.90,-413.50,40997.10
50100,5/28/2017 1:11:00 AM,23782.00,-413.60,40997.00
50100,5/28/2017 1:12:00 AM,23781.40,-412.90,40997.10
50100,5/28/2017 1:13:00 AM,23780.60,-412.40,40997.10
50100,5/28/2017 1:14:00 AM,23780.90,-411.90,40997.30
50100,5/28/2017 1:15:00 AM,23781.30,-412.30,40997.50
50100,5/28/2017 1:16:00 AM,23780.90,-413.40,40997.60
50100,5/28/2017 1:17:00 AM,23780.30,-415.10,40997.50
50100,5/28/2017 1:18:00 AM,23779.40,-416.70,40997.20
50100,5/28/2017 1:19:00 AM,23778.70,-416.10,40997.00
50100,5/28/2017 1:20:00 AM,23778.60,-415.10,40997.10
50100,5/28/2017 1:21:00 AM,23778.80,-414.00,40997.30
50100,5/28/2017 1:22:00 AM,23779.30,-412.50,40997.80
50100,5/28/2017 1:23:00 AM,23780.60,-410.90,40998.40
50100,5/28/2017 1:24:00 AM,23782.30,-410.20,40999.10
50100,5/28/2017 1:25:00 AM,23783.90,-410.40,40999.90
50100,5/28/2017 1:26:00 AM,23784.90,-411.30,41000.50
50100,5/28/2017 1:27:00 AM,23784.80,-411.30,41000.80
50100,5/28/2017 1:28:00 AM,23784.50,-411.40,41001.10
50100,5/28/2017 1:29:00 AM,23784.10,-410.40,41001.40
50100,5/28/2017 1:30:00 AM,23784.40,-409.00,41001.80
50100,5/28/2017 1:31:00 AM,23784.30,-407.60,41002.30
50100,5/28/2017 1:32:00 AM,23784.80,-406.40,41002.90
50100,5/28/2017 1:33:00 AM,23785.80,-405.40,41003.50
50100,5/28/2017 1:34:00 AM,23786.60,-404.90,41004.10
50100,5/28/2017 1:35:00 AM,23787.20,-405.30,41004.50
50100,5/28/2017 1:36:00 AM,23788.00,-406.20,41004.90
50100,5/28/2017 1:37:00 AM,23787.90,-407.40,41005.00
50100,5/28/2017 1:38:00 AM,23788.40,-407.50,41005.10
50100,5/28/2017 1:39:00 AM,23789.20,-406.80,41005.30
50100,5/28/2017 1:40:00 AM,23789.90,-406.70,41005.70
50100,5/28/2017 1:41:00 AM,23789.70,-406.40,41005.90
50100,5/28/2017 1:42:00 AM,23789.00,-405.60,41006.20
50100,5/28/2017 1:43:00 AM,23788.90,-404.10,41006.40
50100,5/28/2017 1:44:00 AM,23788.60,-402.40,41006.90
50100,5/28/2017 1:45:00 AM,23788.00,-400.70,41007.30
50100,5/28/2017 1:46:00 AM,23788.00,-399.00,41007.70
50100,5/28/2017 1:47:00 AM,23788.40,-397.50,41008.20
50100,5/28/2017 1:48:00 AM,23788.90,-396.50,41008.80
50100,5/28/2017 1:49:00 AM,23790.00,-396.10,41009.30
50100,5/28/2017 1:50:00 AM,23790.70,-396.00,41009.70
50100,5/28/2017 1:51:00 AM,23791.40,-396.20,41010.10
50100,5/28/2017 1:52:00 AM,23792.60,-396.60,41010.50
50100,5/28/2017 1:53:00 AM,23793.20,-398.00,41010.70
50100,5/28/2017 1:54:00 AM,23793.30,-399.10,41010.70
50100,5/28/2017 1:55:00 AM,23794.40,-398.50,41010.80
50100,5/28/2017 1:56:00 AM,23795.70,-396.70,41011.10
50100,5/28/2017 1:57:00 AM,23796.60,-395.60,41011.50
50100,5/28/2017 1:58:00 AM,23797.80,-395.50,41011.90
50100,5/28/2017 1:59:00 AM,23798.50,-395.70,41012.20
50100,5/28/2017 2:00:00 AM,23799.00,-395.30,41012.50
50100,5/28/2017 2:01:00 AM,23799.20,-394.90,41012.60
50100,5/28/2017 2:02:00 AM,23799.40,-395.30,41012.80
50100,5/28/2017 2:03:00 AM,23799.30,-396.00,41012.80
50100,5/28/2017 2:04:00 AM,23799.60,-397.40,41012.70
50100,5/28/2017 2:05:00 AM,23800.00,-398.10,41012.50
50100,5/28/2017 2:06:00 AM,23799.60,-398.20,41012.30
50100,5/28/2017 2:07:00 AM,23799.00,-398.50,41012.10
50100,5/28/2017 2:08:00 AM,23798.50,-399.30,41011.80
50100,5/28/2017 2:09:00 AM,23797.90,-399.90,41011.40
50100,5/28/2017 2:10:00 AM,23796.90,-400.30,41011.00
50100,5/28/2017 2:11:00 AM,23795.60,-401.10,41010.50
50100,5/28/2017 2:12:00 AM,23794.70,-402.00,41010.00
50100,5/28/2017 2:13:00 AM,23794.10,-403.80,41009.40
50100,5/28/2017 2:14:00 AM,23792.40,-406.50,41008.60
50100,5/28/2017 2:15:00 AM,23790.80,-408.90,41007.70
50100,5/28/2017 2:16:00 AM,23789.40,-410.80,41006.70
50100,5/28/2017 2:17:00 AM,23787.70,-412.00,41005.70
50100,5/28/2017 2:18:00 AM,23785.80,-412.00,41004.90
50100,5/28/2017 2:19:00 AM,23783.80,-410.30,41004.20
50100,5/28/2017 2:20:00 AM,23781.40,-407.20,41003.80
50100,5/28/2017 2:21:00 AM,23780.10,-404.10,41003.80
50100,5/28/2017 2:22:00 AM,23779.50,-402.20,41003.90
50100,5/28/2017 2:23:00 AM,23778.50,-401.00,41004.10
50100,5/28/2017 2:24:00 AM,23776.80,-399.20,41004.30
50100,5/28/2017 2:25:00 AM,23775.00,-397.90,41004.30
50100,5/28/2017 2:26:00 AM,23772.00,-396.90,41004.20
50100,5/28/2017 2:27:00 AM,23769.50,-396.70,41003.90
50100,5/28/2017 2:28:00 AM,23767.70,-396.10,41003.60
50100,5/28/2017 2:29:00 AM,23766.50,-394.80,41003.40
50100,5/28/2017 2:30:00 AM,23766.50,-392.80,41003.40
50100,5/28/2017 2:31:00 AM,23767.40,-390.10,41003.70
50100,5/28/2017 2:32:00 AM,23768.40,-387.50,41004.20
50100,5/28/2017 2:33:00 AM,23769.60,-385.50,41004.90
50100,5/28/2017 2:34:00 AM,23770.40,-384.30,41005.60
50100,5/28/2017 2:35:00 AM,23771.10,-382.50,41006.30
50100,5/28/2017 2:36:00 AM,23772.20,-380.50,41007.10
50100,5/28/2017 2:37:00 AM,23773.90,-378.50,41008.00
50100,5/28/2017 2:38:00 AM,23775.40,-376.40,41008.90
50100,5/28/2017 2:39:00 AM,23777.10,-375.10,41009.90
50100,5/28/2017 2:40:00 AM,23778.90,-374.70,41010.70
50100,5/28/2017 2:41:00 AM,23780.40,-376.10,41011.40
50100,5/28/2017 2:42:00 AM,23781.40,-377.60,41011.80
50100,5/28/2017 2:43:00 AM,23782.00,-379.40,41011.80
50100,5/28/2017 2:44:00 AM,23782.30,-381.40,41011.70
50100,5/28/2017 2:45:00 AM,23782.30,-383.80,41011.30
50100,5/28/2017 2:46:00 AM,23782.50,-385.20,41010.80
50100,5/28/2017 2:47:00 AM,23782.80,-386.60,41010.40
50100,5/28/2017 2:48:00 AM,23783.10,-388.30,41009.90
50100,5/28/2017 2:49:00 AM,23783.80,-390.00,41009.40
50100,5/28/2017 2:50:00 AM,23784.60,-391.40,41009.10
50100,5/28/2017 2:51:00 AM,23785.40,-393.30,41008.70
50100,5/28/2017 2:52:00 AM,23786.60,-395.60,41008.30
50100,5/28/2017 2:53:00 AM,23787.50,-397.60,41008.00
50100,5/28/2017 2:54:00 AM,23789.00,-398.30,41007.70
50100,5/28/2017 2:55:00 AM,23791.20,-397.30,41007.80
50100,5/28/2017 2:56:00 AM,23796.30,-397.10,41008.20
50100,5/28/2017 2:57:00 AM,23799.70,-395.90,41009.00
50100,5/28/2017 2:58:00 AM,23804.60,-397.20,41009.90
50100,5/28/2017 2:59:00 AM,23807.60,-397.20,41010.60
50100,5/28/2017 3:00:00 AM,23810.10,-398.00,41011.30
50100,5/28/2017 3:01:00 AM,23811.60,-398.30,41011.70
50100,5/28/2017 3:02:00 AM,23812.70,-399.20,41012.10
50100,5/28/2017 3:03:00 AM,23812.80,-399.60,41012.30
50100,5/28/2017 3:04:00 AM,23812.60,-400.00,41012.40
50100,5/28/2017 3:05:00 AM,23812.10,-400.90,41012.40
50100,5/28/2017 3:06:00 AM,23811.00,-401.40,41012.40
50100,5/28/2017 3:07:00 AM,23810.00,-401.70,41012.30
50100,5/28/2017 3:08:00 AM,23808.80,-401.70,41012.20
50100,5/28/2017 3:09:00 AM,23806.20,-400.10,41012.20
50100,5/28/2017 3:10:00 AM,23804.50,-397.90,41012.20
50100,5/28/2017 3:11:00 AM,23802.70,-395.00,41012.50
50100,5/28/2017 3:12:00 AM,23801.20,-390.10,41013.00
50100,5/28/2017 3:13:00 AM,23800.90,-385.90,41013.80
50100,5/28/2017 3:14:00 AM,23800.70,-381.60,41014.90
50100,5/28/2017 3:15:00 AM,23799.60,-376.40,41016.00
50100,5/28/2017 3:16:00 AM,23800.00,-370.90,41017.40
50100,5/28/2017 3:17:00 AM,23800.40,-364.50,41018.80
50100,5/28/2017 3:18:00 AM,23801.70,-359.70,41020.50
50100,5/28/2017 3:19:00 AM,23804.30,-357.00,41022.20
50100,5/28/2017 3:20:00 AM,23806.80,-356.00,41023.70
50100,5/28/2017 3:21:00 AM,23808.20,-356.40,41024.70
50100,5/28/2017 3:22:00 AM,23810.60,-357.60,41025.40
50100,5/28/2017 3:23:00 AM,23813.20,-359.50,41025.80
50100,5/28/2017 3:24:00 AM,23815.60,-360.20,41026.00
50100,5/28/2017 3:25:00 AM,23819.50,-359.80,41026.30
50100,5/28/2017 3:26:00 AM,23823.70,-359.20,41026.80
50100,5/28/2017 3:27:00 AM,23828.20,-361.30,41027.40
50100,5/28/2017 3:28:00 AM,23831.80,-364.10,41027.70
50100,5/28/2017 3:29:00 AM,23835.20,-367.40,41027.70
50100,5/28/2017 3:30:00 AM,23838.00,-369.40,41027.30
50100,5/28/2017 3:31:00 AM,23842.30,-371.10,41027.10
50100,5/28/2017 3:32:00 AM,23846.50,-372.30,41026.90
50100,5/28/2017 3:33:00 AM,23849.40,-373.70,41026.70
50100,5/28/2017 3:34:00 AM,23852.20,-376.50,41026.30
50100,5/28/2017 3:35:00 AM,23854.90,-379.50,41025.60
50100,5/28/2017 3:36:00 AM,23857.10,-382.80,41024.80
50100,5/28/2017 3:37:00 AM,23859.70,-387.10,41023.80
50100,5/28/2017 3:38:00 AM,23862.20,-391.60,41022.60
50100,5/28/2017 3:39:00 AM,23863.40,-396.60,41021.20
50100,5/28/2017 3:40:00 AM,23863.30,-399.70,41019.70
50100,5/28/2017 3:41:00 AM,23863.00,-400.90,41018.30
50100,5/28/2017 3:42:00 AM,23863.40,-400.30,41017.20
50100,5/28/2017 3:43:00 AM,23863.10,-397.30,41016.60
50100,5/28/2017 3:44:00 AM,23863.00,-394.60,41016.50
50100,5/28/2017 3:45:00 AM,23863.50,-391.30,41016.70
50100,5/28/2017 3:46:00 AM,23863.10,-384.90,41017.50
50100,5/28/2017 3:47:00 AM,23862.90,-378.80,41018.70
50100,5/28/2017 3:48:00 AM,23863.30,-371.70,41020.30
50100,5/28/2017 3:49:00 AM,23864.80,-362.50,41022.40
50100,5/28/2017 3:50:00 AM,23866.80,-354.10,41024.90
50100,5/28/2017 3:51:00 AM,23868.70,-345.20,41027.70
50100,5/28/2017 3:52:00 AM,23871.90,-339.70,41030.60
50100,5/28/2017 3:53:00 AM,23876.00,-335.70,41033.30
50100,5/28/2017 3:54:00 AM,23879.90,-333.90,41035.60
50100,5/28/2017 3:55:00 AM,23882.70,-332.20,41037.40
50100,5/28/2017 3:56:00 AM,23885.20,-334.60,41038.70
50100,5/28/2017 3:57:00 AM,23887.00,-339.30,41039.10
50100,5/28/2017 3:58:00 AM,23890.10,-344.30,41039.00
50100,5/28/2017 3:59:00 AM,23893.90,-350.80,41038.40
50100,5/28/2017 4:00:00 AM,23897.30,-358.60,41037.30
50100,5/28/2017 4:01:00 AM,23901.50,-368.00,41035.80
50100,5/28/2017 4:02:00 AM,23904.00,-378.70,41033.70
50100,5/28/2017 4:03:00 AM,23905.80,-389.20,41031.10
50100,5/28/2017 4:04:00 AM,23906.50,-399.50,41028.00
50100,5/28/2017 4:05:00 AM,23906.70,-409.70,41024.80
50100,5/28/2017 4:06:00 AM,23906.80,-419.60,41021.40
50100,5/28/2017 4:07:00 AM,23906.10,-429.00,41017.90
50100,5/28/2017 4:08:00 AM,23904.80,-439.50,41014.50
50100,5/28/2017 4:09:00 AM,23902.80,-448.30,41010.90
50100,5/28/2017 4:10:00 AM,23899.10,-455.90,41007.40
50100,5/28/2017 4:11:00 AM,23895.50,-462.80,41003.90
50100,5/28/2017 4:12:00 AM,23891.60,-467.50,41000.70
50100,5/28/2017 4:13:00 AM,23887.90,-471.50,40997.90
50100,5/28/2017 4:14:00 AM,23884.60,-473.00,40995.40
50100,5/28/2017 4:15:00 AM,23881.30,-473.10,40993.40
50100,5/28/2017 4:16:00 AM,23878.30,-473.30,40991.70
50100,5/28/2017 4:17:00 AM,23875.40,-472.20,40990.40
50100,5/28/2017 4:18:00 AM,23873.40,-470.60,40989.50
50100,5/28/2017 4:19:00 AM,23871.50,-469.50,40988.80
50100,5/28/2017 4:20:00 AM,23869.60,-467.20,40988.40
50100,5/28/2017 4:21:00 AM,23867.50,-464.10,40988.30
50100,5/28/2017 4:22:00 AM,23865.10,-461.40,40988.20
50100,5/28/2017 4:23:00 AM,23863.50,-457.60,40988.30
50100,5/28/2017 4:24:00 AM,23862.00,-454.50,40988.60
50100,5/28/2017 4:25:00 AM,23862.40,-451.90,40989.10
50100,5/28/2017 4:26:00 AM,23862.60,-449.80,40989.70
50100,5/28/2017 4:27:00 AM,23862.60,-447.90,40990.20
50100,5/28/2017 4:28:00 AM,23862.10,-446.40,40990.70
50100,5/28/2017 4:29:00 AM,23861.50,-444.50,40991.20
50100,5/28/2017 4:30:00 AM,23860.80,-442.80,40991.60
50100,5/28/2017 4:31:00 AM,23859.80,-441.40,40992.00
50100,5/28/2017 4:32:00 AM,23858.10,-441.10,40992.30
50100,5/28/2017 4:33:00 AM,23856.50,-440.60,40992.40
50100,5/28/2017 4:34:00 AM,23854.80,-439.60,40992.40
50100,5/28/2017 4:35:00 AM,23852.90,-438.60,40992.40
50100,5/28/2017 4:36:00 AM,23851.30,-437.90,40992.40
50100,5/28/2017 4:37:00 AM,23848.80,-437.40,40992.30
50100,5/28/2017 4:38:00 AM,23846.20,-437.00,40992.10
50100,5/28/2017 4:39:00 AM,23842.90,-436.10,40991.80
50100,5/28/2017 4:40:00 AM,23839.70,-434.70,40991.60
50100,5/28/2017 4:41:00 AM,23836.10,-433.40,40991.30
50100,5/28/2017 4:42:00 AM,23832.80,-431.10,40991.10
50100,5/28/2017 4:43:00 AM,23829.40,-428.40,40991.00
50100,5/28/2017 4:44:00 AM,23826.20,-425.60,40991.00
50100,5/28/2017 4:45:00 AM,23823.10,-421.40,40991.10
50100,5/28/2017 4:46:00 AM,23821.00,-416.20,40991.60
50100,5/28/2017 4:47:00 AM,23819.60,-410.20,40992.30
50100,5/28/2017 4:48:00 AM,23819.60,-403.60,40993.40
50100,5/28/2017 4:49:00 AM,23820.60,-397.70,40994.80
50100,5/28/2017 4:50:00 AM,23821.60,-393.70,40996.20
50100,5/28/2017 4:51:00 AM,23822.50,-392.00,40997.40
50100,5/28/2017 4:52:00 AM,23822.90,-391.80,40998.20
50100,5/28/2017 4:53:00 AM,23823.10,-392.10,40998.60
50100,5/28/2017 4:54:00 AM,23823.40,-392.70,40998.70
50100,5/28/2017 4:55:00 AM,23823.20,-393.90,40998.50
50100,5/28/2017 4:56:00 AM,23823.10,-395.90,40998.20
50100,5/28/2017 4:57:00 AM,23822.50,-398.70,40997.60
50100,5/28/2017 4:58:00 AM,23822.10,-401.60,40996.80
50100,5/28/2017 4:59:00 AM,23821.20,-404.00,40996.00
50100,5/28/2017 5:00:00 AM,23820.10,-406.00,40995.10
50100,5/28/2017 5:01:00 AM,23819.30,-407.40,40994.30
50100,5/28/2017 5:02:00 AM,23818.60,-408.60,40993.70
50100,5/28/2017 5:03:00 AM,23817.90,-408.20,40993.20
50100,5/28/2017 5:04:00 AM,23816.70,-406.90,40993.10
50100,5/28/2017 5:05:00 AM,23815.30,-405.00,40993.10
50100,5/28/2017 5:06:00 AM,23813.90,-401.80,40993.40
50100,5/28/2017 5:07:00 AM,23813.00,-397.50,40994.10
50100,5/28/2017 5:08:00 AM,23812.20,-393.20,40995.00
50100,5/28/2017 5:09:00 AM,23812.00,-389.80,40996.20
50100,5/28/2017 5:10:00 AM,23811.80,-387.10,40997.30
50100,5/28/2017 5:11:00 AM,23811.70,-384.60,40998.40
50100,5/28/2017 5:12:00 AM,23811.90,-382.30,40999.50
50100,5/28/2017 5:13:00 AM,23812.50,-380.50,41000.60
50100,5/28/2017 5:14:00 AM,23814.30,-378.00,41001.60
50100,5/28/2017 5:15:00 AM,23815.50,-376.50,41002.80
50100,5/28/2017 5:16:00 AM,23816.60,-374.90,41003.80
50100,5/28/2017 5:17:00 AM,23817.90,-373.50,41004.70
50100,5/28/2017 5:18:00 AM,23819.50,-372.90,41005.60
50100,5/28/2017 5:19:00 AM,23820.80,-373.20,41006.30
50100,5/28/2017 5:20:00 AM,23821.90,-373.70,41006.90
50100,5/28/2017 5:21:00 AM,23822.90,-374.90,41007.30
50100,5/28/2017 5:22:00 AM,23823.20,-376.40,41007.40
50100,5/28/2017 5:23:00 AM,23823.70,-377.80,41007.40
50100,5/28/2017 5:24:00 AM,23824.50,-379.20,41007.30
50100,5/28/2017 5:25:00 AM,23825.10,-380.80,41007.10
50100,5/28/2017 5:26:00 AM,23825.50,-382.60,41006.80
50100,5/28/2017 5:27:00 AM,23825.70,-384.30,41006.50
50100,5/28/2017 5:28:00 AM,23825.20,-386.30,41006.00
50100,5/28/2017 5:29:00 AM,23825.10,-387.50,41005.40
50100,5/28/2017 5:30:00 AM,23825.00,-388.70,41004.90
50100,5/28/2017 5:31:00 AM,23824.80,-389.80,41004.40
50100,5/28/2017 5:32:00 AM,23824.60,-390.00,41003.90
50100,5/28/2017 5:33:00 AM,23824.60,-389.60,41003.60
50100,5/28/2017 5:34:00 AM,23824.10,-388.90,41003.40
50100,5/28/2017 5:35:00 AM,23824.00,-388.40,41003.30
50100,5/28/2017 5:36:00 AM,23823.80,-388.30,41003.30
50100,5/28/2017 5:37:00 AM,23823.60,-388.50,41003.20
50100,5/28/2017 5:38:00 AM,23822.90,-388.50,41003.20
50100,5/28/2017 5:39:00 AM,23822.60,-388.40,41003.10
50100,5/28/2017 5:40:00 AM,23822.00,-388.10,41003.00
50100,5/28/2017 5:41:00 AM,23821.00,-388.30,41003.00
50100,5/28/2017 5:42:00 AM,23816.50,-388.00,41002.60
50100,5/28/2017 5:43:00 AM,23810.50,-385.90,41001.80
50100,5/28/2017 5:44:00 AM,23806.10,-384.40,41001.10
50100,5/28/2017 5:45:00 AM,23802.70,-383.00,41000.40
50100,5/28/2017 5:46:00 AM,23800.70,-381.60,40999.90
50100,5/28/2017 5:47:00 AM,23800.40,-380.20,40999.60
50100,5/28/2017 5:48:00 AM,23801.80,-379.40,40999.70
50100,5/28/2017 5:49:00 AM,23803.60,-379.60,41000.00
50100,5/28/2017 5:50:00 AM,23805.40,-379.40,41000.40
50100,5/28/2017 5:51:00 AM,23806.80,-379.10,41000.80
50100,5/28/2017 5:52:00 AM,23807.20,-378.30,41001.20
50100,5/28/2017 5:53:00 AM,23808.10,-377.50,41001.80
50100,5/28/2017 5:54:00 AM,23809.10,-377.10,41002.30
50100,5/28/2017 5:55:00 AM,23809.60,-376.50,41002.90
50100,5/28/2017 5:56:00 AM,23809.80,-375.30,41003.50
50100,5/28/2017 5:57:00 AM,23809.90,-373.90,41004.10
50100,5/28/2017 5:58:00 AM,23810.20,-372.60,41004.70
50100,5/28/2017 5:59:00 AM,23811.20,-371.30,41005.40
50100,5/28/2017 6:00:00 AM,23811.90,-369.90,41006.20
50100,5/28/2017 6:01:00 AM,23811.90,-368.20,41006.90
50100,5/28/2017 6:02:00 AM,23812.00,-366.70,41007.60
50100,5/28/2017 6:03:00 AM,23812.30,-364.90,41008.20
50100,5/28/2017 6:04:00 AM,23813.10,-363.40,41008.90
50100,5/28/2017 6:05:00 AM,23813.80,-362.30,41009.60
50100,5/28/2017 6:06:00 AM,23815.00,-362.10,41010.30
50100,5/28/2017 6:07:00 AM,23816.10,-362.10,41010.90
50100,5/28/2017 6:08:00 AM,23817.10,-362.60,41011.30
50100,5/28/2017 6:09:00 AM,23817.90,-363.00,41011.70
50100,5/28/2017 6:10:00 AM,23818.60,-363.30,41011.90
50100,5/28/2017 6:11:00 AM,23819.60,-364.50,41012.10
50100,5/28/2017 6:12:00 AM,23820.70,-365.90,41012.20
50100,5/28/2017 6:13:00 AM,23821.10,-367.20,41012.20
50100,5/28/2017 6:14:00 AM,23821.30,-368.60,41012.10
50100,5/28/2017 6:15:00 AM,23821.60,-369.30,41011.90
50100,5/28/2017 6:16:00 AM,23822.40,-369.80,41011.80
50100,5/28/2017 6:17:00 AM,23823.10,-370.20,41011.80
50100,5/28/2017 6:18:00 AM,23823.70,-370.00,41011.70
50100,5/28/2017 6:19:00 AM,23824.40,-369.70,41011.80
50100,5/28/2017 6:20:00 AM,23825.20,-370.20,41011.80
50100,5/28/2017 6:21:00 AM,23825.30,-371.20,41011.80
50100,5/28/2017 6:22:00 AM,23825.50,-371.40,41011.60
50100,5/28/2017 6:23:00 AM,23825.40,-371.40,41011.50
50100,5/28/2017 6:24:00 AM,23826.10,-371.40,41011.40
50100,5/28/2017 6:25:00 AM,23827.20,-371.60,41011.40
50100,5/28/2017 6:26:00 AM,23828.00,-372.10,41011.50
50100,5/28/2017 6:27:00 AM,23828.00,-372.30,41011.40
50100,5/28/2017 6:28:00 AM,23828.00,-371.70,41011.40
50100,5/28/2017 6:29:00 AM,23828.20,-371.10,41011.40
50100,5/28/2017 6:30:00 AM,23828.70,-371.50,41011.40
50100,5/28/2017 6:31:00 AM,23828.60,-372.50,41011.40
50100,5/28/2017 6:32:00 AM,23828.90,-372.70,41011.20
50100,5/28/2017 6:33:00 AM,23828.40,-371.90,41011.10
50100,5/28/2017 6:34:00 AM,23827.60,-370.80,41011.00
50100,5/28/2017 6:35:00 AM,23827.30,-370.00,41011.00
50100,5/28/2017 6:36:00 AM,23826.90,-370.20,41010.90
50100,5/28/2017 6:37:00 AM,23826.10,-370.80,41010.80
50100,5/28/2017 6:38:00 AM,23824.70,-370.70,41010.50
50100,5/28/2017 6:39:00 AM,23823.80,-370.60,41010.20
50100,5/28/2017 6:40:00 AM,23823.10,-371.00,41009.90
50100,5/28/2017 6:41:00 AM,23822.70,-372.00,41009.70
50100,5/28/2017 6:42:00 AM,23822.10,-373.10,41009.30
50100,5/28/2017 6:43:00 AM,23821.60,-373.50,41008.90
50100,5/28/2017 6:44:00 AM,23821.00,-373.40,41008.60
50100,5/28/2017 6:45:00 AM,23821.20,-372.90,41008.40
50100,5/28/2017 6:46:00 AM,23822.30,-371.90,41008.50
50100,5/28/2017 6:47:00 AM,23823.40,-370.60,41008.80
50100,5/28/2017 6:48:00 AM,23824.40,-369.60,41009.30
50100,5/28/2017 6:49:00 AM,23825.70,-368.50,41009.90
50100,5/28/2017 6:50:00 AM,23827.30,-367.60,41010.50
50100,5/28/2017 6:51:00 AM,23828.60,-366.40,41011.20
50100,5/28/2017 6:52:00 AM,23829.40,-364.00,41012.00
50100,5/28/2017 6:53:00 AM,23830.00,-362.30,41012.80
50100,5/28/2017 6:54:00 AM,23830.50,-360.40,41013.60
50100,5/28/2017 6:55:00 AM,23831.30,-359.40,41014.50
50100,5/28/2017 6:56:00 AM,23831.80,-359.10,41015.20
50100,5/28/2017 6:57:00 AM,23832.40,-358.60,41015.80
50100,5/28/2017 6:58:00 AM,23832.20,-357.80,41016.30
50100,5/28/2017 6:59:00 AM,23832.10,-356.10,41016.70
50100,5/28/2017 7:00:00 AM,23832.30,-355.10,41017.10
50100,5/28/2017 7:01:00 AM,23832.70,-354.30,41017.50
50100,5/28/2017 7:02:00 AM,23833.30,-353.60,41017.90
50100,5/28/2017 7:03:00 AM,23833.60,-353.40,41018.20
50100,5/28/2017 7:04:00 AM,23834.10,-353.20,41018.50
50100,5/28/2017 7:05:00 AM,23834.80,-352.10,41018.70
50100,5/28/2017 7:06:00 AM,23835.90,-351.50,41019.10
50100,5/28/2017 7:07:00 AM,23836.10,-351.20,41019.30
50100,5/28/2017 7:08:00 AM,23836.50,-351.10,41019.60
50100,5/28/2017 7:09:00 AM,23837.00,-351.30,41019.70
50100,5/28/2017 7:10:00 AM,23837.40,-352.00,41019.80
50100,5/28/2017 7:11:00 AM,23837.80,-352.60,41019.90
50100,5/28/2017 7:12:00 AM,23837.90,-353.70,41019.80
50100,5/28/2017 7:13:00 AM,23838.10,-355.10,41019.60
50100,5/28/2017 7:14:00 AM,23838.60,-356.40,41019.40
50100,5/28/2017 7:15:00 AM,23838.80,-357.80,41019.10
50100,5/28/2017 7:16:00 AM,23838.70,-359.50,41018.80
50100,5/28/2017 7:17:00 AM,23838.80,-359.90,41018.40
50100,5/28/2017 7:18:00 AM,23839.10,-359.90,41018.20
50100,5/28/2017 7:19:00 AM,23839.20,-360.30,41018.10
50100,5/28/2017 7:20:00 AM,23838.80,-358.80,41018.00
50100,5/28/2017 7:21:00 AM,23839.00,-356.90,41018.20
50100,5/28/2017 7:22:00 AM,23838.00,-355.20,41018.30
50100,5/28/2017 7:23:00 AM,23837.40,-354.20,41018.50
50100,5/28/2017 7:24:00 AM,23836.70,-353.10,41018.60
50100,5/28/2017 7:25:00 AM,23836.10,-352.20,41018.70
50100,5/28/2017 7:26:00 AM,23835.10,-352.10,41018.70
50100,5/28/2017 7:27:00 AM,23834.30,-352.20,41018.50
50100,5/28/2017 7:28:00 AM,23833.80,-352.60,41018.20
50100,5/28/2017 7:29:00 AM,23833.20,-352.20,41018.00
50100,5/28/2017 7:30:00 AM,23833.50,-352.20,41017.70
50100,5/28/2017 7:31:00 AM,23833.40,-352.20,41017.40
50100,5/28/2017 7:32:00 AM,23833.10,-352.40,41017.10
50100,5/28/2017 7:33:00 AM,23832.90,-352.40,41016.80
50100,5/28/2017 7:34:00 AM,23833.30,-353.20,41016.50
50100,5/28/2017 7:35:00 AM,23833.10,-354.10,41016.10
50100,5/28/2017 7:36:00 AM,23833.00,-355.10,41015.70
50100,5/28/2017 7:37:00 AM,23834.20,-355.10,41015.30
50100,5/28/2017 7:38:00 AM,23835.60,-355.20,41015.20
50100,5/28/2017 7:39:00 AM,23836.60,-356.20,41015.10
50100,5/28/2017 7:40:00 AM,23837.60,-357.90,41014.90
50100,5/28/2017 7:41:00 AM,23838.60,-359.90,41014.60
50100,5/28/2017 7:42:00 AM,23839.30,-362.30,41014.20
50100,5/28/2017 7:43:00 AM,23839.80,-364.30,41013.70
50100,5/28/2017 7:44:00 AM,23840.30,-365.90,41013.10
50100,5/28/2017 7:45:00 AM,23840.70,-367.10,41012.70
50100,5/28/2017 7:46:00 AM,23840.90,-368.70,41012.20
50100,5/28/2017 7:47:00 AM,23841.40,-370.00,41011.70
50100,5/28/2017 7:48:00 AM,23841.80,-370.70,41011.30
50100,5/28/2017 7:49:00 AM,23842.20,-371.40,41010.90
50100,5/28/2017 7:50:00 AM,23844.30,-374.00,41010.70
50100,5/28/2017 7:51:00 AM,23846.40,-375.30,41010.50
50100,5/28/2017 7:52:00 AM,23847.50,-376.20,41010.30
50100,5/28/2017 7:53:00 AM,23848.50,-377.60,41010.10
50100,5/28/2017 7:54:00 AM,23854.00,-381.50,41010.20
50100,5/28/2017 7:55:00 AM,23857.50,-383.50,41010.30
50100,5/28/2017 7:56:00 AM,23859.80,-385.60,41010.30
50100,5/28/2017 7:57:00 AM,23861.60,-386.90,41010.30
50100,5/28/2017 7:58:00 AM,23862.80,-387.80,41010.30
50100,5/28/2017 7:59:00 AM,23863.80,-389.10,41010.30
50100,5/28/2017 8:00:00 AM,23864.70,-391.20,41010.30
50100,5/28/2017 8:01:00 AM,23865.80,-393.10,41010.20
50100,5/28/2017 8:02:00 AM,23867.60,-393.00,41010.20
50100,5/28/2017 8:03:00 AM,23870.00,-392.90,41010.50
50100,5/28/2017 8:04:00 AM,23871.60,-393.50,41010.90
50100,5/28/2017 8:05:00 AM,23872.40,-394.00,41011.10
50100,5/28/2017 8:06:00 AM,23872.80,-393.30,41011.40
50100,5/28/2017 8:07:00 AM,23873.00,-391.50,41011.70
50100,5/28/2017 8:08:00 AM,23872.60,-389.50,41012.10
50100,5/28/2017 8:09:00 AM,23872.20,-388.30,41012.50
50100,5/28/2017 8:10:00 AM,23872.40,-387.20,41012.80
50100,5/28/2017 8:11:00 AM,23872.80,-386.70,41013.20
50100,5/28/2017 8:12:00 AM,23874.80,-388.00,41013.50
50100,5/28/2017 8:13:00 AM,23876.10,-388.10,41013.80
50100,5/28/2017 8:14:00 AM,23876.30,-388.70,41013.90
50100,5/28/2017 8:15:00 AM,23876.70,-389.20,41013.90
50100,5/28/2017 8:16:00 AM,23877.40,-390.00,41013.80
50100,5/28/2017 8:17:00 AM,23878.00,-391.20,41013.70
50100,5/28/2017 8:18:00 AM,23879.20,-392.30,41013.60
50100,5/28/2017 8:19:00 AM,23880.00,-391.90,41013.50
50100,5/28/2017 8:20:00 AM,23880.50,-391.60,41013.40
50100,5/28/2017 8:21:00 AM,23881.20,-391.60,41013.40
50100,5/28/2017 8:22:00 AM,23881.00,-392.00,41013.30
50100,5/28/2017 8:23:00 AM,23880.40,-391.90,41013.10
50100,5/28/2017 8:24:00 AM,23880.10,-391.00,41012.90
50100,5/28/2017 8:25:00 AM,23879.40,-390.00,41012.80
50100,5/28/2017 8:26:00 AM,23878.50,-391.20,41012.60
50100,5/28/2017 8:27:00 AM,23877.50,-392.50,41012.10
50100,5/28/2017 8:28:00 AM,23876.30,-394.70,41011.50
50100,5/28/2017 8:29:00 AM,23875.20,-396.80,41010.70
50100,5/28/2017 8:30:00 AM,23873.50,-398.80,41009.80
50100,5/28/2017 8:31:00 AM,23872.10,-400.30,41008.80
50100,5/28/2017 8:32:00 AM,23871.20,-401.60,41007.90
50100,5/28/2017 8:33:00 AM,23870.20,-401.70,41007.10
50100,5/28/2017 8:34:00 AM,23870.10,-401.30,41006.50
50100,5/28/2017 8:35:00 AM,23870.20,-401.20,41006.10
50100,5/28/2017 8:36:00 AM,23870.60,-401.10,41005.80
50100,5/28/2017 8:37:00 AM,23871.30,-400.80,41005.80
50100,5/28/2017 8:38:00 AM,23872.10,-400.00,41005.80
50100,5/28/2017 8:39:00 AM,23873.10,-399.40,41006.00
50100,5/28/2017 8:40:00 AM,23873.50,-398.70,41006.20
50100,5/28/2017 8:41:00 AM,23873.50,-397.50,41006.40
50100,5/28/2017 8:42:00 AM,23873.60,-396.20,41006.70
50100,5/28/2017 8:43:00 AM,23874.10,-395.10,41007.00
50100,5/28/2017 8:44:00 AM,23875.20,-393.90,41007.30
50100,5/28/2017 8:45:00 AM,23876.40,-392.70,41007.80
50100,5/28/2017 8:46:00 AM,23877.70,-391.60,41008.20
50100,5/28/2017 8:47:00 AM,23878.60,-391.70,41008.70
50100,5/28/2017 8:48:00 AM,23879.00,-391.70,41008.90
50100,5/28/2017 8:49:00 AM,23879.50,-390.80,41009.10
50100,5/28/2017 8:50:00 AM,23879.80,-390.90,41009.30
50100,5/28/2017 8:51:00 AM,23879.50,-391.20,41009.30
50100,5/28/2017 8:52:00 AM,23878.50,-391.70,41009.20
50100,5/28/2017 8:53:00 AM,23877.40,-393.30,41008.90
50100,5/28/2017 8:54:00 AM,23876.00,-397.70,41008.20
50100,5/28/2017 8:55:00 AM,23874.00,-401.70,41007.20
50100,5/28/2017 8:56:00 AM,23873.00,-405.50,41006.00
50100,5/28/2017 8:57:00 AM,23872.60,-409.50,41004.70
50100,5/28/2017 8:58:00 AM,23871.70,-413.20,41003.50
50100,5/28/2017 8:59:00 AM,23870.80,-416.60,41002.30
50100,5/28/2017 9:00:00 AM,23870.70,-421.20,41001.10
50100,5/28/2017 9:01:00 AM,23870.90,-426.10,40999.80
50100,5/28/2017 9:02:00 AM,23871.40,-429.90,40998.70
50100,5/28/2017 9:03:00 AM,23871.60,-432.70,40997.60
50100,5/28/2017 9:04:00 AM,23871.40,-435.30,40996.60
50100,5/28/2017 9:05:00 AM,23871.10,-437.70,40995.70
50100,5/28/2017 9:06:00 AM,23870.90,-440.00,40994.90
50100,5/28/2017 9:07:00 AM,23870.60,-442.20,40994.10
50100,5/28/2017 9:08:00 AM,23870.00,-443.50,40993.30
50100,5/28/2017 9:09:00 AM,23869.10,-444.20,40992.70
50100,5/28/2017 9:10:00 AM,23868.70,-445.40,40992.10
50100,5/28/2017 9:11:00 AM,23867.90,-446.70,40991.60
50100,5/28/2017 9:12:00 AM,23866.90,-447.00,40991.10
50100,5/28/2017 9:13:00 AM,23866.40,-447.10,40990.70
50100,5/28/2017 9:14:00 AM,23865.60,-447.30,40990.30
50100,5/28/2017 9:15:00 AM,23864.90,-447.50,40990.00
50100,5/28/2017 9:16:00 AM,23864.80,-446.90,40989.80
50100,5/28/2017 9:17:00 AM,23865.10,-446.30,40989.70
50100,5/28/2017 9:18:00 AM,23865.20,-445.70,40989.80
50100,5/28/2017 9:19:00 AM,23865.80,-444.80,40989.90
50100,5/28/2017 9:20:00 AM,23866.60,-443.20,40990.30
50100,5/28/2017 9:21:00 AM,23867.40,-442.30,40990.70
50100,5/28/2017 9:22:00 AM,23868.90,-441.30,40991.20
50100,5/28/2017 9:23:00 AM,23870.20,-440.50,40991.80
50100,5/28/2017 9:24:00 AM,23871.70,-439.60,40992.40
50100,5/28/2017 9:25:00 AM,23873.10,-438.20,40993.00
50100,5/28/2017 9:26:00 AM,23874.80,-437.30,40993.80
50100,5/28/2017 9:27:00 AM,23877.00,-436.00,40994.50
50100,5/28/2017 9:28:00 AM,23880.00,-435.50,40995.50
50100,5/28/2017 9:29:00 AM,23883.70,-436.20,40996.50
50100,5/28/2017 9:30:00 AM,23886.80,-437.70,40997.30
50100,5/28/2017 9:31:00 AM,23890.30,-438.90,40998.10
50100,5/28/2017 9:32:00 AM,23893.40,-439.60,40998.80
50100,5/28/2017 9:33:00 AM,23896.30,-439.20,40999.50
50100,5/28/2017 9:34:00 AM,23898.90,-437.80,41000.30
50100,5/28/2017 9:35:00 AM,23901.40,-436.40,41001.20
50100,5/28/2017 9:36:00 AM,23903.10,-435.40,41002.10
50100,5/28/2017 9:37:00 AM,23904.50,-434.00,41003.00
50100,5/28/2017 9:38:00 AM,23905.30,-432.70,41003.80
50100,5/28/2017 9:39:00 AM,23906.20,-431.10,41004.60
50100,5/28/2017 9:40:00 AM,23906.40,-429.10,41005.30
50100,5/28/2017 9:41:00 AM,23907.00,-426.80,41006.00
50100,5/28/2017 9:42:00 AM,23907.20,-424.90,41006.80
50100,5/28/2017 9:43:00 AM,23907.20,-423.70,41007.40
50100,5/28/2017 9:44:00 AM,23906.90,-422.50,41007.90
50100,5/28/2017 9:45:00 AM,23906.80,-421.30,41008.40
50100,5/28/2017 9:46:00 AM,23906.70,-419.90,41008.80
50100,5/28/2017 9:47:00 AM,23906.20,-418.40,41009.20
50100,5/28/2017 9:48:00 AM,23905.80,-417.00,41009.50
50100,5/28/2017 9:49:00 AM,23904.60,-416.20,41009.80
50100,5/28/2017 9:50:00 AM,23902.80,-414.10,41009.90
50100,5/28/2017 9:51:00 AM,23901.40,-411.10,41010.10
50100,5/28/2017 9:52:00 AM,23900.70,-407.60,41010.40
50100,5/28/2017 9:53:00 AM,23900.20,-405.10,41010.80
50100,5/28/2017 9:54:00 AM,23899.70,-402.80,41011.30
50100,5/28/2017 9:55:00 AM,23898.90,-400.50,41011.60
50100,5/28/2017 9:56:00 AM,23898.10,-399.10,41012.00
50100,5/28/2017 9:57:00 AM,23897.30,-397.50,41012.10
50100,5/28/2017 9:58:00 AM,23896.20,-396.70,41012.20
50100,5/28/2017 9:59:00 AM,23895.60,-396.50,41012.30
50100,5/28/2017 10:00:00 AM,23894.90,-396.50,41012.10
50100,5/28/2017 10:01:00 AM,23894.10,-396.30,41011.90
50100,5/28/2017 10:02:00 AM,23892.90,-396.20,41011.60
50100,5/28/2017 10:03:00 AM,23891.70,-396.30,41011.20
50100,5/28/2017 10:04:00 AM,23890.10,-396.20,41010.80
50100,5/28/2017 10:05:00 AM,23889.30,-395.80,41010.30
50100,5/28/2017 10:06:00 AM,23888.60,-395.10,41010.00
50100,5/28/2017 10:07:00 AM,23887.90,-394.90,41009.70
50100,5/28/2017 10:08:00 AM,23887.00,-393.90,41009.40
50100,5/28/2017 10:09:00 AM,23886.20,-392.90,41009.30
50100,5/28/2017 10:10:00 AM,23885.60,-391.40,41009.10
50100,5/28/2017 10:11:00 AM,23884.70,-390.10,41009.10
50100,5/28/2017 10:12:00 AM,23884.00,-389.30,41009.00
50100,5/28/2017 10:13:00 AM,23883.70,-389.20,41008.90
50100,5/28/2017 10:14:00 AM,23883.30,-389.20,41008.80
50100,5/28/2017 10:15:00 AM,23882.80,-389.60,41008.60
50100,5/28/2017 10:16:00 AM,23882.50,-389.90,41008.40
50100,5/28/2017 10:17:00 AM,23882.10,-390.30,41008.20
50100,5/28/2017 10:18:00 AM,23881.70,-391.00,41007.90
50100,5/28/2017 10:19:00 AM,23881.10,-391.80,41007.60
50100,5/28/2017 10:20:00 AM,23880.50,-393.00,41007.20
50100,5/28/2017 10:21:00 AM,23880.20,-394.10,41006.80
50100,5/28/2017 10:22:00 AM,23879.70,-395.40,41006.30
50100,5/28/2017 10:23:00 AM,23879.20,-396.90,41005.80
50100,5/28/2017 10:24:00 AM,23878.40,-398.00,41005.30
50100,5/28/2017 10:25:00 AM,23877.50,-398.70,41004.80
50100,5/28/2017 10:26:00 AM,23876.80,-399.50,41004.30
50100,5/28/2017 10:27:00 AM,23875.80,-400.10,41003.70
50100,5/28/2017 10:28:00 AM,23874.90,-401.10,41003.20
50100,5/28/2017 10:29:00 AM,23873.90,-402.10,41002.70
50100,5/28/2017 10:30:00 AM,23873.70,-403.50,41002.20
50100,5/28/2017 10:31:00 AM,23873.40,-404.30,41001.70
50100,5/28/2017 10:32:00 AM,23873.40,-405.20,41001.40
50100,5/28/2017 10:33:00 AM,23873.40,-406.70,41001.00
50100,5/28/2017 10:34:00 AM,23873.50,-408.10,41000.70
50100,5/28/2017 10:35:00 AM,23873.70,-409.60,41000.30
50100,5/28/2017 10:36:00 AM,23873.60,-411.30,41000.00
50100,5/28/2017 10:37:00 AM,23873.60,-412.70,40999.70
50100,5/28/2017 10:38:00 AM,23873.60,-413.50,40999.30
50100,5/28/2017 10:39:00 AM,23873.70,-414.30,40999.00
50100,5/28/2017 10:40:00 AM,23873.90,-415.00,40998.80
50100,5/28/2017 10:41:00 AM,23873.60,-415.40,40998.60
50100,5/28/2017 10:42:00 AM,23873.80,-415.60,40998.40
50100,5/28/2017 10:43:00 AM,23873.90,-416.40,40998.40
50100,5/28/2017 10:44:00 AM,23874.20,-416.60,40998.30
50100,5/28/2017 10:45:00 AM,23874.50,-416.60,40998.30
50100,5/28/2017 10:46:00 AM,23875.00,-416.10,40998.50
50100,5/28/2017 10:47:00 AM,23875.00,-416.20,40998.60
50100,5/28/2017 10:48:00 AM,23875.00,-416.00,40998.70
50100,5/28/2017 10:49:00 AM,23874.80,-415.40,40998.90
50100,5/28/2017 10:50:00 AM,23874.60,-414.50,40999.10
50100,5/28/2017 10:51:00 AM,23874.60,-413.70,40999.40
50100,5/28/2017 10:52:00 AM,23874.80,-412.30,40999.70
50100,5/28/2017 10:53:00 AM,23875.30,-410.60,41000.10
50100,5/28/2017 10:54:00 AM,23875.80,-408.90,41000.70
50100,5/28/2017 10:55:00 AM,23876.20,-407.30,41001.30
50100,5/28/2017 10:56:00 AM,23876.80,-405.80,41001.90
50100,5/28/2017 10:57:00 AM,23877.30,-404.80,41002.50
50100,5/28/2017 10:58:00 AM,23877.50,-404.60,41003.00
50100,5/28/2017 10:59:00 AM,23877.30,-404.40,41003.40
50100,5/28/2017 11:00:00 AM,23877.30,-403.70,41003.70
50100,5/28/2017 11:01:00 AM,23877.30,-402.20,41004.00
50100,5/28/2017 11:02:00 AM,23877.10,-400.50,41004.40
50100,5/28/2017 11:03:00 AM,23877.30,-399.30,41004.80
50100,5/28/2017 11:04:00 AM,23877.60,-399.20,41005.20
50100,5/28/2017 11:05:00 AM,23877.50,-399.10,41005.40
50100,5/28/2017 11:06:00 AM,23877.40,-398.60,41005.60
50100,5/28/2017 11:07:00 AM,23877.40,-398.20,41005.70
50100,5/28/2017 11:08:00 AM,23877.30,-398.10,41005.80
50100,5/28/2017 11:09:00 AM,23876.90,-398.00,41005.90
50100,5/28/2017 11:10:00 AM,23876.80,-397.80,41005.90
50100,5/28/2017 11:11:00 AM,23876.70,-397.60,41006.00
50100,5/28/2017 11:12:00 AM,23876.50,-397.90,41006.00
50100,5/28/2017 11:13:00 AM,23876.00,-398.70,41005.90
50100,5/28/2017 11:14:00 AM,23875.50,-398.90,41005.70
50100,5/28/2017 11:15:00 AM,23874.80,-399.40,41005.50
50100,5/28/2017 11:16:00 AM,23873.90,-399.60,41005.30
50100,5/28/2017 11:17:00 AM,23873.70,-399.10,41005.10
50100,5/28/2017 11:18:00 AM,23873.70,-398.30,41005.00
50100,5/28/2017 11:19:00 AM,23873.80,-397.60,41005.10
50100,5/28/2017 11:20:00 AM,23874.00,-396.40,41005.20
50100,5/28/2017 11:21:00 AM,23874.70,-395.50,41005.40
50100,5/28/2017 11:22:00 AM,23875.40,-394.80,41005.80
50100,5/28/2017 11:23:00 AM,23876.00,-394.40,41006.10
50100,5/28/2017 11:24:00 AM,23876.40,-393.50,41006.40
50100,5/28/2017 11:25:00 AM,23876.70,-392.30,41006.80
50100,5/28/2017 11:26:00 AM,23877.00,-391.00,41007.20
50100,5/28/2017 11:27:00 AM,23877.00,-390.60,41007.50
50100,5/28/2017 11:28:00 AM,23877.10,-390.70,41007.80
50100,5/28/2017 11:29:00 AM,23876.80,-390.80,41007.90
50100,5/28/2017 11:30:00 AM,23876.70,-391.00,41008.00
50100,5/28/2017 11:31:00 AM,23876.30,-391.20,41008.00
50100,5/28/2017 11:32:00 AM,23875.70,-391.20,41007.90
50100,5/28/2017 11:33:00 AM,23875.50,-391.10,41007.80
50100,5/28/2017 11:34:00 AM,23875.60,-390.40,41007.70
50100,5/28/2017 11:35:00 AM,23875.00,-389.80,41007.70
50100,5/28/2017 11:36:00 AM,23874.30,-389.20,41007.70
50100,5/28/2017 11:37:00 AM,23873.80,-389.20,41007.70
50100,5/28/2017 11:38:00 AM,23873.50,-388.90,41007.60
50100,5/28/2017 11:39:00 AM,23873.60,-388.80,41007.60
50100,5/28/2017 11:40:00 AM,23872.90,-388.50,41007.50
50100,5/28/2017 11:41:00 AM,23872.80,-388.60,41007.50
50100,5/28/2017 11:42:00 AM,23872.10,-389.90,41007.30
50100,5/28/2017 11:43:00 AM,23871.40,-390.30,41007.00
50100,5/28/2017 11:44:00 AM,23870.90,-390.70,41006.70
50100,5/28/2017 11:45:00 AM,23870.20,-391.50,41006.40
50100,5/28/2017 11:46:00 AM,23869.10,-391.60,41006.00
50100,5/28/2017 11:47:00 AM,23868.30,-391.30,41005.70
50100,5/28/2017 11:48:00 AM,23867.80,-391.10,41005.40
50100,5/28/2017 11:49:00 AM,23867.60,-390.50,41005.20
50100,5/28/2017 11:50:00 AM,23867.60,-390.90,41005.10
50100,5/28/2017 11:51:00 AM,23867.20,-391.30,41005.00
50100,5/28/2017 11:52:00 AM,23866.70,-391.30,41004.80
50100,5/28/2017 11:53:00 AM,23866.50,-390.70,41004.70
50100,5/28/2017 11:54:00 AM,23866.10,-390.70,41004.60
50100,5/28/2017 11:55:00 AM,23865.60,-389.60,41004.50
50100,5/28/2017 11:56:00 AM,23865.80,-389.30,41004.60
50100,5/28/2017 11:57:00 AM,23865.80,-389.10,41004.70
50100,5/28/2017 11:58:00 AM,23865.90,-389.20,41004.70
50100,5/28/2017 11:59:00 AM,23866.10,-389.80,41004.70
50100,5/28/2017 12:00:00 PM,23866.20,-390.60,41004.60
50100,5/28/2017 12:01:00 PM,23865.90,-391.50,41004.50
50100,5/28/2017 12:02:00 PM,23865.40,-392.50,41004.20
50100,5/28/2017 12:03:00 PM,23864.70,-393.10,41003.80
50100,5/28/2017 12:04:00 PM,23864.20,-393.40,41003.50
50100,5/28/2017 12:05:00 PM,23863.80,-393.20,41003.20
50100,5/28/2017 12:06:00 PM,23863.30,-392.80,41003.00
50100,5/28/2017 12:07:00 PM,23862.80,-391.70,41002.80
50100,5/28/2017 12:08:00 PM,23862.30,-389.90,41002.80
50100,5/28/2017 12:09:00 PM,23862.00,-388.50,41002.90
50100,5/28/2017 12:10:00 PM,23861.60,-386.80,41003.10
50100,5/28/2017 12:11:00 PM,23861.20,-385.20,41003.30
50100,5/28/2017 12:12:00 PM,23860.80,-384.50,41003.50
50100,5/28/2017 12:13:00 PM,23860.20,-384.00,41003.60
50100,5/28/2017 12:14:00 PM,23859.70,-383.60,41003.70
50100,5/28/2017 12:15:00 PM,23859.10,-383.90,41003.70
50100,5/28/2017 12:16:00 PM,23858.40,-384.60,41003.50
50100,5/28/2017 12:17:00 PM,23857.80,-385.50,41003.30
50100,5/28/2017 12:18:00 PM,23857.00,-385.80,41003.00
50100,5/28/2017 12:19:00 PM,23856.20,-385.30,41002.60
50100,5/28/2017 12:20:00 PM,23855.50,-384.80,41002.40
50100,5/28/2017 12:21:00 PM,23854.80,-384.50,41002.20
50100,5/28/2017 12:22:00 PM,23854.30,-383.50,41002.00
50100,5/28/2017 12:23:00 PM,23853.80,-382.70,41001.90
50100,5/28/2017 12:24:00 PM,23853.20,-381.60,41001.80
50100,5/28/2017 12:25:00 PM,23852.80,-380.10,41001.80
50100,5/28/2017 12:26:00 PM,23852.40,-378.80,41001.90
50100,5/28/2017 12:27:00 PM,23851.70,-377.60,41002.00
50100,5/28/2017 12:28:00 PM,23850.80,-376.40,41002.10
50100,5/28/2017 12:29:00 PM,23850.10,-375.20,41002.20
50100,5/28/2017 12:30:00 PM,23849.50,-373.90,41002.30
50100,5/28/2017 12:31:00 PM,23849.40,-372.40,41002.40
50100,5/28/2017 12:32:00 PM,23849.10,-371.60,41002.60
50100,5/28/2017 12:33:00 PM,23848.90,-371.30,41002.60
50100,5/28/2017 12:34:00 PM,23848.10,-369.80,41002.70
50100,5/28/2017 12:35:00 PM,23847.40,-369.60,41002.70
50100,5/28/2017 12:36:00 PM,23847.30,-370.60,41002.60
50100,5/28/2017 12:37:00 PM,23846.90,-370.60,41002.40
50100,5/28/2017 12:38:00 PM,23846.30,-369.50,41002.20
50100,5/28/2017 12:39:00 PM,23845.90,-369.20,41002.00
50100,5/28/2017 12:40:00 PM,23845.40,-368.60,41001.80
50100,5/28/2017 12:41:00 PM,23844.80,-367.20,41001.70
50100,5/28/2017 12:42:00 PM,23844.20,-367.00,41001.60
50100,5/28/2017 12:43:00 PM,23843.90,-367.00,41001.40
50100,5/28/2017 12:44:00 PM,23843.70,-367.00,41001.20
50100,5/28/2017 12:45:00 PM,23843.40,-366.80,41001.00
50100,5/28/2017 12:46:00 PM,23842.60,-366.70,41000.70
50100,5/28/2017 12:47:00 PM,23842.50,-367.10,41000.40
50100,5/28/2017 12:48:00 PM,23842.30,-367.40,41000.10
50100,5/28/2017 12:49:00 PM,23842.20,-367.20,40999.80
50100,5/28/2017 12:50:00 PM,23842.10,-367.80,40999.50
50100,5/28/2017 12:51:00 PM,23841.80,-367.70,40999.20
50100,5/28/2017 12:52:00 PM,23841.30,-367.70,40998.90
50100,5/28/2017 12:53:00 PM,23841.40,-368.30,40998.50
50100,5/28/2017 12:54:00 PM,23841.20,-368.70,40998.20
50100,5/28/2017 12:55:00 PM,23841.10,-369.50,40997.80
50100,5/28/2017 12:56:00 PM,23840.90,-370.10,40997.40
50100,5/28/2017 12:57:00 PM,23839.90,-370.20,40997.00
50100,5/28/2017 12:58:00 PM,23839.00,-369.80,40996.60
50100,5/28/2017 12:59:00 PM,23839.00,-370.20,40996.20
50100,5/28/2017 1:00:00 PM,23838.50,-370.90,40995.80
50100,5/28/2017 1:01:00 PM,23838.10,-371.30,40995.40
50100,5/28/2017 1:02:00 PM,23837.80,-372.10,40995.00
50100,5/28/2017 1:03:00 PM,23837.20,-372.60,40994.60
50100,5/28/2017 1:04:00 PM,23837.50,-373.80,40994.10
50100,5/28/2017 1:05:00 PM,23838.00,-375.20,40993.80
50100,5/28/2017 1:06:00 PM,23837.60,-376.30,40993.30
50100,5/28/2017 1:07:00 PM,23837.00,-377.00,40992.80
50100,5/28/2017 1:08:00 PM,23836.80,-377.20,40992.30
50100,5/28/2017 1:09:00 PM,23836.50,-377.50,40992.00
50100,5/28/2017 1:10:00 PM,23836.30,-378.50,40991.60
50100,5/28/2017 1:11:00 PM,23836.60,-379.80,40991.20
50100,5/28/2017 1:12:00 PM,23836.10,-380.10,40990.80
50100,5/28/2017 1:13:00 PM,23836.40,-380.20,40990.50
50100,5/28/2017 1:14:00 PM,23837.20,-381.20,40990.30
50100,5/28/2017 1:15:00 PM,23837.20,-381.90,40990.00
50100,5/28/2017 1:16:00 PM,23837.40,-383.10,40989.70
50100,5/28/2017 1:17:00 PM,23838.00,-384.20,40989.50
50100,5/28/2017 1:18:00 PM,23838.10,-386.10,40989.10
50100,5/28/2017 1:19:00 PM,23838.30,-388.90,40988.70
50100,5/28/2017 1:20:00 PM,23838.80,-390.30,40988.20
50100,5/28/2017 1:21:00 PM,23839.40,-391.50,40987.80
50100,5/28/2017 1:22:00 PM,23839.50,-391.30,40987.50
50100,5/28/2017 1:23:00 PM,23839.80,-390.50,40987.40
50100,5/28/2017 1:24:00 PM,23839.90,-389.40,40987.50
50100,5/28/2017 1:25:00 PM,23839.50,-387.80,40987.60
50100,5/28/2017 1:26:00 PM,23839.90,-387.50,40987.80
50100,5/28/2017 1:27:00 PM,23840.00,-387.40,40988.00
50100,5/28/2017 1:28:00 PM,23840.20,-386.70,40988.20
50100,5/28/2017 1:29:00 PM,23839.70,-386.60,40988.30
50100,5/28/2017 1:30:00 PM,23839.40,-386.30,40988.40
50100,5/28/2017 1:31:00 PM,23839.60,-386.70,40988.50
50100,5/28/2017 1:32:00 PM,23840.20,-386.90,40988.60
50100,5/28/2017 1:33:00 PM,23839.90,-385.40,40988.70
50100,5/28/2017 1:34:00 PM,23839.00,-382.80,40989.00
50100,5/28/2017 1:35:00 PM,23838.20,-380.60,40989.30
50100,5/28/2017 1:36:00 PM,23837.80,-379.70,40989.60
50100,5/28/2017 1:37:00 PM,23838.00,-379.20,40989.90
50100,5/28/2017 1:38:00 PM,23837.80,-378.30,40990.10
50100,5/28/2017 1:39:00 PM,23838.00,-378.40,40990.30
50100,5/28/2017 1:40:00 PM,23837.60,-378.30,40990.50
50100,5/28/2017 1:41:00 PM,23837.20,-377.80,40990.50
50100,5/28/2017 1:42:00 PM,23837.80,-378.10,40990.60
50100,5/28/2017 1:43:00 PM,23838.20,-378.10,40990.60
50100,5/28/2017 1:44:00 PM,23838.10,-377.20,40990.70
50100,5/28/2017 1:45:00 PM,23838.10,-377.40,40990.70
50100,5/28/2017 1:46:00 PM,23838.10,-377.10,40990.70
50100,5/28/2017 1:47:00 PM,23838.50,-377.10,40990.80
50100,5/28/2017 1:48:00 PM,23839.50,-378.20,40990.80
50100,5/28/2017 1:49:00 PM,23840.20,-379.20,40990.80
50100,5/28/2017 1:50:00 PM,23840.90,-379.40,40990.80
50100,5/28/2017 1:51:00 PM,23841.20,-378.60,40990.80
50100,5/28/2017 1:52:00 PM,23841.30,-377.60,40990.90
50100,5/28/2017 1:53:00 PM,23841.50,-377.00,40991.00
50100,5/28/2017 1:54:00 PM,23841.80,-377.20,40991.10
50100,5/28/2017 1:55:00 PM,23842.10,-377.90,40991.10
50100,5/28/2017 1:56:00 PM,23842.40,-378.60,40991.00
50100,5/28/2017 1:57:00 PM,23843.10,-379.80,40990.90
50100,5/28/2017 1:58:00 PM,23843.70,-380.80,40990.70
50100,5/28/2017 1:59:00 PM,23843.70,-381.00,40990.50
50100,5/28/2017 2:00:00 PM,23843.90,-381.40,40990.40
50100,5/28/2017 2:01:00 PM,23844.00,-381.60,40990.20
50100,5/28/2017 2:02:00 PM,23843.90,-381.60,40990.00
50100,5/28/2017 2:03:00 PM,23844.50,-381.50,40990.00
50100,5/28/2017 2:04:00 PM,23844.20,-381.60,40989.90
50100,5/28/2017 2:05:00 PM,23843.50,-381.30,40989.70
50100,5/28/2017 2:06:00 PM,23843.30,-381.60,40989.60
50100,5/28/2017 2:07:00 PM,23843.50,-382.20,40989.40
50100,5/28/2017 2:08:00 PM,23843.30,-382.20,40989.30
50100,5/28/2017 2:09:00 PM,23843.10,-382.40,40989.10
50100,5/28/2017 2:10:00 PM,23843.30,-383.80,40988.90
50100,5/28/2017 2:11:00 PM,23843.80,-385.80,40988.70
50100,5/28/2017 2:12:00 PM,23844.40,-387.70,40988.40
50100,5/28/2017 2:13:00 PM,23845.00,-388.40,40988.10
50100,5/28/2017 2:14:00 PM,23845.30,-388.80,40987.90
50100,5/28/2017 2:15:00 PM,23845.30,-389.30,40987.70
50100,5/28/2017 2:16:00 PM,23845.30,-389.90,40987.50
50100,5/28/2017 2:17:00 PM,23845.80,-390.20,40987.40
50100,5/28/2017 2:18:00 PM,23846.30,-390.00,40987.40
50100,5/28/2017 2:19:00 PM,23847.10,-390.10,40987.40
50100,5/28/2017 2:20:00 PM,23847.40,-390.10,40987.50
50100,5/28/2017 2:21:00 PM,23847.70,-390.50,40987.60
50100,5/28/2017 2:22:00 PM,23848.00,-391.40,40987.60
50100,5/28/2017 2:23:00 PM,23848.20,-391.70,40987.60
50100,5/28/2017 2:24:00 PM,23848.20,-392.00,40987.60
50100,5/28/2017 2:25:00 PM,23847.60,-391.60,40987.50
50100,5/28/2017 2:26:00 PM,23847.30,-390.90,40987.50
50100,5/28/2017 2:27:00 PM,23847.20,-390.40,40987.50
50100,5/28/2017 2:28:00 PM,23847.10,-389.90,40987.60
50100,5/28/2017 2:29:00 PM,23847.20,-389.30,40987.60
50100,5/28/2017 2:30:00 PM,23847.50,-389.00,40987.70
50100,5/28/2017 2:31:00 PM,23847.70,-388.60,40987.80
50100,5/28/2017 2:32:00 PM,23847.50,-388.10,40987.90
50100,5/28/2017 2:33:00 PM,23847.20,-387.80,40987.90
50100,5/28/2017 2:34:00 PM,23846.90,-387.70,40987.90
50100,5/28/2017 2:35:00 PM,23846.50,-387.00,40987.90
50100,5/28/2017 2:36:00 PM,23846.40,-387.00,40987.90
50100,5/28/2017 2:37:00 PM,23846.30,-387.10,40987.80
50100,5/28/2017 2:38:00 PM,23846.20,-387.30,40987.80
50100,5/28/2017 2:39:00 PM,23846.70,-387.80,40987.70
50100,5/28/2017 2:40:00 PM,23846.90,-388.20,40987.60
50100,5/28/2017 2:41:00 PM,23846.40,-388.60,40987.50
50100,5/28/2017 2:42:00 PM,23846.00,-389.10,40987.30
50100,5/28/2017 2:43:00 PM,23845.50,-389.90,40987.00
50100,5/28/2017 2:44:00 PM,23845.40,-390.40,40986.80
50100,5/28/2017 2:45:00 PM,23844.90,-390.80,40986.50
50100,5/28/2017 2:46:00 PM,23844.70,-391.70,40986.30
50100,5/28/2017 2:47:00 PM,23845.00,-392.60,40986.10
50100,5/28/2017 2:48:00 PM,23845.10,-392.90,40985.80
50100,5/28/2017 2:49:00 PM,23845.20,-393.00,40985.70
50100,5/28/2017 2:50:00 PM,23845.20,-392.90,40985.60
50100,5/28/2017 2:51:00 PM,23845.40,-393.40,40985.60
50100,5/28/2017 2:52:00 PM,23845.50,-393.70,40985.50
50100,5/28/2017 2:53:00 PM,23845.30,-393.70,40985.50
50100,5/28/2017 2:54:00 PM,23844.90,-393.70,40985.40
50100,5/28/2017 2:55:00 PM,23844.50,-394.00,40985.40
50100,5/28/2017 2:56:00 PM,23844.90,-394.70,40985.30
50100,5/28/2017 2:57:00 PM,23844.80,-395.40,40985.20
50100,5/28/2017 2:58:00 PM,23844.60,-395.80,40985.10
50100,5/28/2017 2:59:00 PM,23844.40,-396.20,40985.00
50100,5/28/2017 3:00:00 PM,23843.90,-396.80,40984.80
